Route_Name,Route_Link,Bus_Name,Bus_Type,Departing_Time,Duration,Reaching_Time,Star_Rating,Price,Seat_Availability
Tezpur to Guwahati,https://www.redbus.in/bus-tickets/tezpur-to-guwahati,Himalayan Travels,NON AC Seater / Sleeper 2+1,23:40,04h 20m,04:00,3.7,450,20 Seats available
Tezpur to Guwahati,https://www.redbus.in/bus-tickets/tezpur-to-guwahati,BLUE HILL TRAVELS INDIA LIMITED,NON A/C Seater Semi Sleeper (2+1),22:15,05h 30m,03:45,3.7,INR 550,25 Seats available
Guwahati to Tezpur,https://www.redbus.in/bus-tickets/guwahati-to-tezpur,Yatra Travels,NON AC Seater/ Sleeper (2+1),20:00,04h 00m,00:00,4.4,350,30 Seats available
Guwahati to Tezpur,https://www.redbus.in/bus-tickets/guwahati-to-tezpur,Yatra Travels,NON AC Seater/ Sleeper (2+1),20:30,04h 30m,01:00,3.8,350,31 Seats available
Guwahati to Tezpur,https://www.redbus.in/bus-tickets/guwahati-to-tezpur,Pranjit Travels (Under ASTC),A/C Seater / Sleeper (2+1),20:45,05h 45m,02:30,3.3,INR 500,23 Seats available
Guwahati to Tezpur,https://www.redbus.in/bus-tickets/guwahati-to-tezpur,Pranjit Travels (Under ASTC),NON A/C Seater (2+1),21:45,04h 15m,02:00,3.6,INR 450,29 Seats available
Guwahati to Tezpur,https://www.redbus.in/bus-tickets/guwahati-to-tezpur,DESTINY TRAVELS,NON A/C Seater (2+1),19:40,27h 50m,23:30,1.9,408,34 Seats available
Guwahati to Tezpur,https://www.redbus.in/bus-tickets/guwahati-to-tezpur,BLUE HILL TRAVELS INDIA LIMITED,NON A/C Seater Semi Sleeper (2+1),19:45,04h 45m,00:30,2.4,INR 500,31 Seats available
Guwahati to Tezpur,https://www.redbus.in/bus-tickets/guwahati-to-tezpur,BLUE HILL TRAVELS INDIA LIMITED,NON A/C Seater Semi Sleeper (2+1),20:00,05h 15m,01:15,2.9,400,18 Seats available
Guwahati to Tezpur,https://www.redbus.in/bus-tickets/guwahati-to-tezpur,KIRAN TRAVELS,A/C Seater (2+1),20:40,03h 50m,00:30,3.1,540,9 Seats available
Guwahati to Tezpur,https://www.redbus.in/bus-tickets/guwahati-to-tezpur,Pranjit Travels (Under ASTC),Bharat Benz A/C Seater (2+1),21:30,05h 00m,02:30,4.1,INR 600,9 Seats available
Guwahati to Nagaon (Assam),https://www.redbus.in/bus-tickets/guwahati-to-nagaon,DESTINY TRAVELS,NON A/C Seater (2+1),19:40,26h 10m,21:50,1.9,428,2 Seats available
Guwahati to Nagaon (Assam),https://www.redbus.in/bus-tickets/guwahati-to-nagaon,Baby Travels,A/C Seater (2+1),21:45,03h 15m,01:00,0,570,21 Seats available
Dhubri to Guwahati,https://www.redbus.in/bus-tickets/dhubri-to-guwahati,Yatra,Non AC Seater (2+2),20:15,07h 15m,03:30,2.6,INR 350,40 Seats available
Dhubri to Guwahati,https://www.redbus.in/bus-tickets/dhubri-to-guwahati,MAA MONOSHA TRAVELS,NON A/C Seater (2+1),20:00,07h 30m,03:30,2.2,INR 350,36 Seats available
Tezpur to Dibrugarh,https://www.redbus.in/bus-tickets/tezpur-to-dibrugarh,Aniruddha Travels,NON A/C Seater/ Sleeper (2+1),19:30,08h 30m,04:00,3.7,INR 550,26 Seats available
Tezpur to Dibrugarh,https://www.redbus.in/bus-tickets/tezpur-to-dibrugarh,Puja Transport,NON AC Seater / Sleeper 2+1,20:00,08h 30m,04:30,3.5,INR 650,2 Seats available
Tezpur to Dibrugarh,https://www.redbus.in/bus-tickets/tezpur-to-dibrugarh,SANJEEBANI TRAVELS,Non A/C Seater / Sleeper (2+1),21:30,06h 30m,04:00,3.5,500,25 Seats available
Tezpur to Dibrugarh,https://www.redbus.in/bus-tickets/tezpur-to-dibrugarh,J.S. Travels,Non AC Seater (2+1),20:30,07h 30m,04:00,2.3,INR 550,25 Seats available
Tezpur to Dibrugarh,https://www.redbus.in/bus-tickets/tezpur-to-dibrugarh,PIHU TRANSPORT,Bharat Benz NON A/C Seater / Sleeper (2+1),19:45,08h 15m,04:00,2.6,INR 470,22 Seats available
Tezpur to Dibrugarh,https://www.redbus.in/bus-tickets/tezpur-to-dibrugarh,Neha Travels,NON A/C Seater (2+2),22:10,05h 50m,04:00,2.6,INR 650,10 Seats available
Tezpur to Dibrugarh,https://www.redbus.in/bus-tickets/tezpur-to-dibrugarh,Maa Laxmi,NON A/C Seater Push Back (2+1),22:15,07h 15m,05:30,1.9,INR 550,16 Seats available
North Lakhimpur to Dibrugarh,https://www.redbus.in/bus-tickets/north-lakhimpur-to-dibrugarh,Air Bus Travels,NON AC Seater / Sleeper 2+1,21:00,06h 00m,03:00,3.8,INR 400,30 Seats available
Dibrugarh to Tezpur,https://www.redbus.in/bus-tickets/dibrugarh-to-tezpur,Aniruddha Travels,NON A/C Seater/ Sleeper (2+1),19:45,08h 15m,04:00,3.2,INR 550,15 Seats available
Dibrugarh to Tezpur,https://www.redbus.in/bus-tickets/dibrugarh-to-tezpur,Puja Transport,NON AC Seater / Sleeper 2+1,20:00,09h 00m,05:00,3.5,INR 550,13 Seats available
Guwahati to Biswanath Charali,https://www.redbus.in/bus-tickets/guwahati-to-biswanath-charali,MAHARATHI TRANSPORT,NON A/C Semi Sleeper (2+1),19:30,06h 30m,02:00,3.8,400,10 Seats available
Guwahati to Biswanath Charali,https://www.redbus.in/bus-tickets/guwahati-to-biswanath-charali,PARIJAT TRAVELS(UNDER ASTC),NON A/C Seater (2+1),19:35,06h 25m,02:00,3.8,375,18 Seats available
Guwahati to Biswanath Charali,https://www.redbus.in/bus-tickets/guwahati-to-biswanath-charali,Yatra Travels,NON AC Seater/ Sleeper (2+1),20:00,05h 00m,01:00,3.5,400,30 Seats available
Guwahati to Biswanath Charali,https://www.redbus.in/bus-tickets/guwahati-to-biswanath-charali,Yatra Travels,NON AC Seater/ Sleeper (2+1),20:30,05h 45m,02:15,3.6,400,31 Seats available
Guwahati to Biswanath Charali,https://www.redbus.in/bus-tickets/guwahati-to-biswanath-charali,Pranjit Travels (Under ASTC),A/C Seater / Sleeper (2+1),20:45,06h 45m,03:30,3.7,INR 550,21 Seats available
Guwahati to Biswanath Charali,https://www.redbus.in/bus-tickets/guwahati-to-biswanath-charali,Maharathi Travels(UNDER ASTC),NON A/C Seater (2+1),20:55,06h 35m,03:30,3.3,400,30 Seats available
Guwahati to Biswanath Charali,https://www.redbus.in/bus-tickets/guwahati-to-biswanath-charali,Pranjit Travels (Under ASTC),Bharat Benz A/C Seater (2+1),21:30,06h 15m,03:45,3.4,INR 600,8 Seats available
Guwahati to Biswanath Charali,https://www.redbus.in/bus-tickets/guwahati-to-biswanath-charali,DESTINY TRAVELS,NON A/C Seater (2+1),19:40,28h 44m,00:24,1.9,457,32 Seats available
Guwahati to Biswanath Charali,https://www.redbus.in/bus-tickets/guwahati-to-biswanath-charali,BLUE HILL TRAVELS INDIA LIMITED,NON A/C Seater Semi Sleeper (2+1),20:00,06h 00m,02:00,1.9,450,18 Seats available
Guwahati to Biswanath Charali,https://www.redbus.in/bus-tickets/guwahati-to-biswanath-charali,NORTH EAST TRAVELS(UNDER ASTC),NON A/C Seater (2+1),20:15,06h 15m,02:30,2.5,INR 500,20 Seats available
Guwahati to Biswanath Charali,https://www.redbus.in/bus-tickets/guwahati-to-biswanath-charali,Pranjit Travels (Under ASTC),NON A/C Seater (2+1),21:45,05h 15m,03:00,2.9,INR 500,24 Seats available
Guwahati to Haflong,https://www.redbus.in/bus-tickets/guwahati-to-haflong,NETWORK TRAVELS,NON A/C Seater (2+1),19:30,11h 30m,07:00,4.4,600,17 Seats available
Guwahati to Haflong,https://www.redbus.in/bus-tickets/guwahati-to-haflong,Deep Travels,Non AC Seater (2+1),19:30,11h 00m,06:30,3.7,INR 600,23 Seats available
Dibrugarh to North Lakhimpur,https://www.redbus.in/bus-tickets/dibrugarh-to-north-lakhimpur,Air Bus Travels,NON AC Seater / Sleeper 2+1,19:40,05h 20m,01:00,3.6,INR 400,36 Seats available
Dibrugarh to North Lakhimpur,https://www.redbus.in/bus-tickets/dibrugarh-to-north-lakhimpur,Air Bus Travels,NON AC Seater / Sleeper 2+1,21:15,04h 45m,02:00,2.5,INR 400,21 Seats available
Nagaon (Assam) to Haflong,https://www.redbus.in/bus-tickets/nagaon-to-haflong,Deep Travels,Non AC Seater (2+1),23:55,06h 35m,06:30,1.9,INR 500,23 Seats available
Tezpur to Moran,https://www.redbus.in/bus-tickets/tezpur-to-moran,PIHU TRANSPORT,Bharat Benz NON A/C Seater / Sleeper (2+1),19:45,07h 15m,03:00,2.1,INR 520,20 Seats available
Tezpur to Moran,https://www.redbus.in/bus-tickets/tezpur-to-moran,SANJEEBANI TRAVELS,Non A/C Seater / Sleeper (2+1),21:30,05h 30m,03:00,1.9,500,25 Seats available
Tezpur to Moran,https://www.redbus.in/bus-tickets/tezpur-to-moran,Neha Travels,NON A/C Seater (2+2),22:10,05h 20m,03:30,1.8,INR 650,35 Seats available
Tezpur to Moran,https://www.redbus.in/bus-tickets/tezpur-to-moran,Maa Laxmi,NON A/C Seater Push Back (2+1),22:15,06h 45m,05:00,0,INR 500,32 Seats available
Dibrugarh to Jorhat,https://www.redbus.in/bus-tickets/dibrugarh-to-jorhat,Baikuntha Transport Service,Bharat Benz A/C Sleeper (2+1),19:30,03h 45m,23:15,3.2,400,22 Seats available
Dibrugarh to Jorhat,https://www.redbus.in/bus-tickets/dibrugarh-to-jorhat,Trishul Transport Service,A/C Seater / Sleeper (2+1),19:30,03h 25m,22:55,3.7,495,22 Seats available
Dibrugarh to Jorhat,https://www.redbus.in/bus-tickets/dibrugarh-to-jorhat,Purple Wings Coaches,A/C Seater / Sleeper (2+1),19:55,04h 20m,00:15,3.6,540,15 Seats available
Guwahati to Silchar,https://www.redbus.in/bus-tickets/guwahati-to-silchar,Deep Travels,Non AC Seater (2+1),19:30,10h 00m,05:30,3.2,INR 650,10 Seats available
Guwahati to Silchar,https://www.redbus.in/bus-tickets/guwahati-to-silchar,SEEMA TRAVELS,NON AC Seater / Sleeper 2+1,19:30,09h 30m,05:00,1.5,INR 750,4 Seats available
Guwahati to Silchar,https://www.redbus.in/bus-tickets/guwahati-to-silchar,AR Travels,Non AC Seater (2+2),19:30,10h 10m,05:40,1.0,INR 650,1 Seat available
Biswanath Charali to Guwahati,https://www.redbus.in/bus-tickets/biswanath-charali-to-guwahati,BLUE HILL TRAVELS INDIA LIMITED,NON A/C Seater Semi Sleeper (2+1),21:30,06h 15m,03:45,3.6,INR 550,25 Seats available
Biswanath Charali to Guwahati,https://www.redbus.in/bus-tickets/biswanath-charali-to-guwahati,BLUE HILL TRAVELS INDIA LIMITED,NON A/C Seater Semi Sleeper (2+1),20:00,07h 30m,03:30,1.7,INR 450,15 Seats available
Biswanath Charali to Guwahati,https://www.redbus.in/bus-tickets/biswanath-charali-to-guwahati,Pranjit Travels (Under ASTC),Non AC Seater (2+1),23:45,06h 45m,06:30,2.8,INR 500,18 Seats available
Moran to Tezpur,https://www.redbus.in/bus-tickets/moran-to-tezpur,Aniruddha Travels,NON A/C Seater/ Sleeper (2+1),20:45,07h 15m,04:00,2.8,INR 550,15 Seats available
Dibrugarh to Biswanath Charali,https://www.redbus.in/bus-tickets/dibrugarh-to-biswanath-charali,Air Bus Travels,NON AC Seater / Sleeper 2+1,19:40,09h 20m,05:00,3.8,INR 600,36 Seats available
Gohpur to Guwahati,https://www.redbus.in/bus-tickets/gohpur-to-guwahati,Yatra Travels,NON AC Seater/ Sleeper (2+1),22:20,07h 40m,06:00,4.6,450,11 Seats available
Gohpur to Guwahati,https://www.redbus.in/bus-tickets/gohpur-to-guwahati,KIRAN TRAVELS,A/C Seater (2+1),22:50,08h 40m,07:30,4.1,540,8 Seats available
Gohpur to Guwahati,https://www.redbus.in/bus-tickets/gohpur-to-guwahati,Pranjit Travels (Under ASTC),A/C Seater / Sleeper (2+1),23:05,06h 55m,06:00,4.4,INR 620,11 Seats available
Gohpur to Guwahati,https://www.redbus.in/bus-tickets/gohpur-to-guwahati,Deep Travels,NON AC Seater / Sleeper 2+1,22:20,06h 40m,05:00,3.8,INR 499,24 Seats available
Gohpur to Guwahati,https://www.redbus.in/bus-tickets/gohpur-to-guwahati,BLUE HILL TRAVELS INDIA LIMITED,NON A/C Seater Semi Sleeper (2+1),20:15,07h 30m,03:45,4.0,INR 550,25 Seats available
Gohpur to Guwahati,https://www.redbus.in/bus-tickets/gohpur-to-guwahati,Pranjit Travels (Under ASTC),Bharat Benz A/C Seater (2+1),22:45,07h 30m,06:15,3.2,550,5 Seats available
Gohpur to Guwahati,https://www.redbus.in/bus-tickets/gohpur-to-guwahati,PARIJAT TRAVELS(UNDER ASTC),NON A/C Seater (2+1),23:11,07h 19m,06:30,3.2,375,8 Seats available
Gohpur to Guwahati,https://www.redbus.in/bus-tickets/gohpur-to-guwahati,Yatra Travels,NON A/C Seater (2+1),22:35,07h 40m,06:15,3.2,450,3 Seats available
Gohpur to Guwahati,https://www.redbus.in/bus-tickets/gohpur-to-guwahati,Drishti Travels,NON A/C Seater (2+1),21:00,08h 30m,05:30,3.0,432,7 Seats available
Gohpur to Guwahati,https://www.redbus.in/bus-tickets/gohpur-to-guwahati,Pranjit Travels (Under ASTC),Non AC Seater (2+1),22:20,08h 10m,06:30,3.8,INR 570,18 Seats available
Gohpur to Guwahati,https://www.redbus.in/bus-tickets/gohpur-to-guwahati,Drishti Travels,NON A/C Seater (2+1),21:00,08h 00m,05:00,2.8,432,25 Seats available
Gohpur to Guwahati,https://www.redbus.in/bus-tickets/gohpur-to-guwahati,NORTH EAST TRAVELS(UNDER ASTC),NON A/C Seater (2+1),20:00,10h 00m,06:00,2.6,INR 500,26 Seats available
Gohpur to Guwahati,https://www.redbus.in/bus-tickets/gohpur-to-guwahati,Island Travels (Under ASTC),Non AC Seater (2+1),22:30,07h 30m,06:00,3.2,450,6 Seats available
Gohpur to Guwahati,https://www.redbus.in/bus-tickets/gohpur-to-guwahati,MAHARATHI TRANSPORT,NON A/C Seater (2+1),22:15,06h 45m,05:00,3.2,400,21 Seats available
Gohpur to Guwahati,https://www.redbus.in/bus-tickets/gohpur-to-guwahati,RAYAN TRAVELS,Non A/C Seater / Sleeper (2+1),22:20,07h 40m,06:00,3.7,400,29 Seats available
Gohpur to Guwahati,https://www.redbus.in/bus-tickets/gohpur-to-guwahati,GURUNANAK TRAVELS,NON A/C Seater (2+1),21:00,08h 00m,05:00,3.1,INR 500,28 Seats available
Bokakhat to Dibrugarh,https://www.redbus.in/bus-tickets/bokakhat-to-dibrugarh,Aniruddha Travels,NON A/C Seater/ Sleeper (2+1),23:15,04h 45m,04:00,3.1,INR 550,26 Seats available
Bokakhat to Dibrugarh,https://www.redbus.in/bus-tickets/bokakhat-to-dibrugarh,PIHU TRANSPORT,Bharat Benz NON A/C Seater / Sleeper (2+1),23:30,04h 30m,04:00,2.8,INR 500,20 Seats available
Tezpur to North Lakhimpur,https://www.redbus.in/bus-tickets/tezpur-to-north-lakhimpur,DESTINY TRAVELS,NON A/C Seater (2+1),23:30,04h 15m,03:45,1.9,437,2 Seats available
Tezpur to Tinsukia,https://www.redbus.in/bus-tickets/tezpur-to-tinsukia,Aniruddha Travels,NON A/C Seater/ Sleeper (2+1),19:30,09h 15m,04:45,3.1,INR 550,26 Seats available
Tezpur to Tinsukia,https://www.redbus.in/bus-tickets/tezpur-to-tinsukia,PIHU TRANSPORT,Bharat Benz NON A/C Seater / Sleeper (2+1),19:45,09h 15m,05:00,3.0,INR 500,20 Seats available
Tezpur to Tinsukia,https://www.redbus.in/bus-tickets/tezpur-to-tinsukia,Maa Laxmi,NON A/C Seater Push Back (2+1),22:15,09h 45m,08:00,3.9,INR 550,16 Seats available
Tezpur to Tinsukia,https://www.redbus.in/bus-tickets/tezpur-to-tinsukia,Puja Transport,NON AC Seater / Sleeper 2+1,20:00,09h 30m,05:30,2.2,INR 700,2 Seats available
Tezpur to Tinsukia,https://www.redbus.in/bus-tickets/tezpur-to-tinsukia,SANJEEBANI TRAVELS,Non A/C Seater / Sleeper (2+1),21:30,07h 40m,05:10,3.1,500,25 Seats available
Tezpur to Tinsukia,https://www.redbus.in/bus-tickets/tezpur-to-tinsukia,J.S. Travels,Non AC Seater (2+1),20:30,10h 00m,06:30,2.1,INR 550,25 Seats available
Tezpur to Tinsukia,https://www.redbus.in/bus-tickets/tezpur-to-tinsukia,Neha Travels,NON A/C Seater (2+2),22:10,06h 50m,05:00,1.1,INR 650,10 Seats available
Dibrugarh to Bokakhat,https://www.redbus.in/bus-tickets/dibrugarh-to-bokakhat,Purple Wings Coaches,A/C Seater / Sleeper (2+1),19:55,05h 20m,01:15,3.6,569,15 Seats available
Dibrugarh to Bokakhat,https://www.redbus.in/bus-tickets/dibrugarh-to-bokakhat,Shree Ram Travels (Under ASTC),Bharat Benz A/C Seater (2+1),20:00,05h 00m,01:00,4.8,500,25 Seats available
Dibrugarh to Bokakhat,https://www.redbus.in/bus-tickets/dibrugarh-to-bokakhat,Shree Ram Travels,Bharat Benz A/C Seater /Sleeper (2+1),20:45,04h 55m,01:40,4.8,530,16 Seats available
