Route_Name,Route_Link,Bus_Name,Bus_Type,Departing_Time,Duration,Reaching_Time,Star_Rating,Price,Seat_Availability
Bangalore to Kozhikode,https://www.redbus.in/bus-tickets/bangalore-to-kozhikode,KSRTC (Kerala) - 2056,Swift Deluxe Non AC Air Bus (2+2),20:01,08h 25m,04:26,3.7,INR 567,27 Seats available
Bangalore to Kozhikode,https://www.redbus.in/bus-tickets/bangalore-to-kozhikode,KSRTC (Kerala) - 1585,Super Express Non AC Seater Air Bus (2+2),20:31,09h 05m,05:36,3.9,INR 640,17 Seats available
Bangalore to Kozhikode,https://www.redbus.in/bus-tickets/bangalore-to-kozhikode,KSRTC (Kerala) - 2133,Swift Deluxe Non AC Air Bus (2+2),22:12,09h 24m,07:36,4.3,INR 640,11 Seats available
Bangalore to Kozhikode,https://www.redbus.in/bus-tickets/bangalore-to-kozhikode,KSRTC (Kerala) - 574,Super Express Non AC Seater Air Bus (2+2),23:00,10h 30m,09:30,3.3,INR 469,7 Seats available
Bangalore to Kozhikode,https://www.redbus.in/bus-tickets/bangalore-to-kozhikode,KSRTC (Kerala) - 583,Super Express Non AC Seater Air Bus (2+2),23:30,10h 05m,09:35,3.4,INR 469,14 Seats available
Bangalore to Kozhikode,https://www.redbus.in/bus-tickets/bangalore-to-kozhikode,KSRTC (Kerala) - 56,SWIFT-GARUDA A/C SEATER BUS,23:41,09h 24m,09:05,3.8,INR 627,24 Seats available
Bangalore to Kozhikode,https://www.redbus.in/bus-tickets/bangalore-to-kozhikode,Silver Line Travels,NON A/C Semi Sleeper (2+2),22:00,08h 10m,06:10,4.5,INR 599,31 Seats available
Bangalore to Kozhikode,https://www.redbus.in/bus-tickets/bangalore-to-kozhikode,MMK Travels,VE A/C Seater / Sleeper (2+1),22:30,09h 00m,07:30,4.4,INR 700,15 Seats available
Bangalore to Kozhikode,https://www.redbus.in/bus-tickets/bangalore-to-kozhikode,SAAM BUS,VE A/C Sleeper (2+1),20:10,10h 35m,06:45,4.5,INR 840,12 Seats available
Bangalore to Kozhikode,https://www.redbus.in/bus-tickets/bangalore-to-kozhikode,AdSam Tourist,NON AC Seater / Sleeper 2+1,22:05,09h 00m,07:05,3.6,INR 599,22 Seats available
Bangalore to Kozhikode,https://www.redbus.in/bus-tickets/bangalore-to-kozhikode,Kyros Connect,Bharat Benz A/C Semi Sleeper (2+2),23:00,10h 00m,09:00,4.2,INR 599,30 Seats available
Bangalore to Kozhikode,https://www.redbus.in/bus-tickets/bangalore-to-kozhikode,P K Travels,A/C Sleeper (2+1),18:45,11h 45m,06:30,4.3,INR 1100,13 Seats available
Bangalore to Kozhikode,https://www.redbus.in/bus-tickets/bangalore-to-kozhikode,DLT BUS,A/C Sleeper (2+1),22:30,09h 00m,07:30,4.1,INR 899,7 Seats available
Bangalore to Kozhikode,https://www.redbus.in/bus-tickets/bangalore-to-kozhikode,AdSuraj Holidays,VE A/C Sleeper (2+1),22:30,09h 00m,07:30,3.8,750,19 Seats available
Bangalore to Kozhikode,https://www.redbus.in/bus-tickets/bangalore-to-kozhikode,NS Transports,NON A/C Sleeper (2+1),21:45,08h 25m,06:10,4.1,INR 800,8 Seats available
Bangalore to Kozhikode,https://www.redbus.in/bus-tickets/bangalore-to-kozhikode,NS Transports,VE A/C Sleeper (2+1),22:45,08h 45m,07:30,4.1,INR 1000,10 Seats available
Bangalore to Kozhikode,https://www.redbus.in/bus-tickets/bangalore-to-kozhikode,SKS Tourist Corporation (REGD),A/C Sleeper (2+1),21:00,08h 30m,05:30,4.1,INR 999,10 Seats available
Bangalore to Kozhikode,https://www.redbus.in/bus-tickets/bangalore-to-kozhikode,Suraj Holidays,NON AC Seater / Sleeper 2+1,20:30,09h 30m,06:00,3.4,600,20 Seats available
Bangalore to Kozhikode,https://www.redbus.in/bus-tickets/bangalore-to-kozhikode,DA Transports,A/C Sleeper (2+1),21:45,09h 15m,07:00,3.7,648,16 Seats available
Bangalore to Kozhikode,https://www.redbus.in/bus-tickets/bangalore-to-kozhikode,NS Transports,Non A/C Seater / Sleeper (2+1),22:15,08h 15m,06:30,3.8,INR 700,15 Seats available
Bangalore to Kozhikode,https://www.redbus.in/bus-tickets/bangalore-to-kozhikode,SKS Tours & Travels,A/C Sleeper (2+1),21:15,08h 30m,05:45,4.4,INR 1099,10 Seats available
Bangalore to Kozhikode,https://www.redbus.in/bus-tickets/bangalore-to-kozhikode,Kallada Travels (Suresh Kallada),A/C Sleeper (2+1),22:00,09h 05m,07:05,3.4,INR 999,19 Seats available
Bangalore to Kozhikode,https://www.redbus.in/bus-tickets/bangalore-to-kozhikode,SURAJ TRAVEL HOUSE,VE A/C Seater / Sleeper (2+1),21:00,10h 30m,07:30,4.1,INR 699,31 Seats available
Bangalore to Kozhikode,https://www.redbus.in/bus-tickets/bangalore-to-kozhikode,P K Travels,Non A/C Seater / Sleeper (2+1),18:45,10h 30m,05:15,3.7,INR 700,14 Seats available
Bangalore to Kozhikode,https://www.redbus.in/bus-tickets/bangalore-to-kozhikode,A1 Travels,A/C Seater / Sleeper (2+1),21:45,09h 15m,07:00,3.9,INR 600,32 Seats available
Bangalore to Kozhikode,https://www.redbus.in/bus-tickets/bangalore-to-kozhikode,National travels and logistics,A/C Sleeper (2+1),22:45,08h 15m,07:00,3.0,749,12 Seats available
Bangalore to Kozhikode,https://www.redbus.in/bus-tickets/bangalore-to-kozhikode,Kalpaka Travels,NON A/C Semi Sleeper (2+2),22:00,08h 30m,06:30,3.1,INR 700,19 Seats available
Bangalore to Kozhikode,https://www.redbus.in/bus-tickets/bangalore-to-kozhikode,National travels and logistics,NON A/C Sleeper (2+1),22:45,07h 45m,06:30,3.7,699,17 Seats available
Bangalore to Kozhikode,https://www.redbus.in/bus-tickets/bangalore-to-kozhikode,Vijay Lines,A/C Seater / Sleeper (2+1),22:20,08h 40m,07:00,3.9,INR 455,21 Seats available
Bangalore to Kozhikode,https://www.redbus.in/bus-tickets/bangalore-to-kozhikode,A1 Travels,Non A/C Seater / Sleeper (2+1),21:00,09h 45m,06:45,2.6,INR 500,28 Seats available
Bangalore to Kozhikode,https://www.redbus.in/bus-tickets/bangalore-to-kozhikode,A1 Travels,A/C Seater / Sleeper (2+1),22:30,08h 00m,06:30,1.0,INR 600,24 Seats available
Bangalore to Kozhikode,https://www.redbus.in/bus-tickets/bangalore-to-kozhikode,DA Transports,A/C Sleeper (2+1),21:45,09h 15m,07:00,3.7,2774,32 Seats available
Bangalore to Kozhikode,https://www.redbus.in/bus-tickets/bangalore-to-kozhikode,FAST LINE BUS,A/C Sleeper (2+1),21:15,09h 00m,06:15,3.5,INR 2699,34 Seats available
Bangalore to Kozhikode,https://www.redbus.in/bus-tickets/bangalore-to-kozhikode,Vijay Lines,A/C Seater / Sleeper (2+1),20:45,10h 45m,07:30,3.9,INR 2999,40 Seats available
Bangalore to Kozhikode,https://www.redbus.in/bus-tickets/bangalore-to-kozhikode,P K Travels,A/C Seater / Sleeper (2+1),21:30,08h 30m,06:00,3.8,INR 770,30 Seats available
Kozhikode to Ernakulam,https://www.redbus.in/bus-tickets/kozhikode-to-ernakulam,KSRTC (Kerala) - 503,Super Express Non AC Seater Air Bus (2+2),17:42,04h 18m,22:00,2.1,INR 309,3 Seats available
Kozhikode to Ernakulam,https://www.redbus.in/bus-tickets/kozhikode-to-ernakulam,KSRTC (Kerala) - 2900,Low Floor AC Seater 2+2,18:00,06h 15m,00:15,3.0,INR 383,7 Seats available
Kozhikode to Ernakulam,https://www.redbus.in/bus-tickets/kozhikode-to-ernakulam,KSRTC (Kerala) - 827,Super Fast Non AC Seater (2+3),21:00,05h 35m,02:35,4.2,INR 269,13 Seats available
Kozhikode to Ernakulam,https://www.redbus.in/bus-tickets/kozhikode-to-ernakulam,KSRTC (Kerala) - 666,Super Fast Non AC Seater (2+3),22:25,05h 54m,04:19,4.3,INR 269,23 Seats available
Kozhikode to Ernakulam,https://www.redbus.in/bus-tickets/kozhikode-to-ernakulam,KSRTC (Kerala) - 279,Super Fast Non AC Seater (2+3),23:05,05h 35m,04:40,3.6,INR 269,11 Seats available
Kozhikode to Ernakulam,https://www.redbus.in/bus-tickets/kozhikode-to-ernakulam,UFO Bus,A/C Sleeper (2+1),19:20,0-14h 0-50m,05:30,3.6,800,15 Seats available
Kozhikode to Ernakulam,https://www.redbus.in/bus-tickets/kozhikode-to-ernakulam,A1 Travels,NON A/C Semi Sleeper (2+2),21:00,04h 30m,01:30,4.2,INR 600,4 Seats available
Kozhikode to Ernakulam,https://www.redbus.in/bus-tickets/kozhikode-to-ernakulam,A1 Travels,Bharat Benz A/C Seater /Sleeper (2+1),22:30,02h 59m,01:29,3.4,INR 800,1 Seat available
Kozhikode to Ernakulam,https://www.redbus.in/bus-tickets/kozhikode-to-ernakulam,A1 Travels,NON A/C Semi Sleeper (2+2),22:30,04h 30m,03:00,3.3,INR 600,25 Seats available
Kozhikode to Ernakulam,https://www.redbus.in/bus-tickets/kozhikode-to-ernakulam,LIYAS TOURS,Bharat Benz A/C Sleeper (2+1),23:05,04h 10m,03:15,3.8,949,1 Seat available
Kozhikode to Ernakulam,https://www.redbus.in/bus-tickets/kozhikode-to-ernakulam,Sonia Travels,A/C Seater/Sleeper (2+1),23:30,04h 59m,04:29,4.2,INR 700,1 Seat available
Kozhikode to Ernakulam,https://www.redbus.in/bus-tickets/kozhikode-to-ernakulam,A1 Travels,Bharat Benz A/C Sleeper (2+1),23:30,03h 45m,03:15,3.3,INR 900,11 Seats available
Kozhikode to Ernakulam,https://www.redbus.in/bus-tickets/kozhikode-to-ernakulam,Sonia Travels,A/C Semi Sleeper (2+2),23:45,03h 45m,03:30,4.2,INR 600,5 Seats available
Kozhikode to Ernakulam,https://www.redbus.in/bus-tickets/kozhikode-to-ernakulam,UFO Bus,Volvo A/C Semi Sleeper (2+2),23:45,05h 45m,05:30,3.9,630,30 Seats available
Kozhikode to Ernakulam,https://www.redbus.in/bus-tickets/kozhikode-to-ernakulam,Surya Connect,Volvo A/C Semi Sleeper (2+2),23:55,05h 20m,05:15,4.5,INR 630,11 Seats available
Kozhikode to Ernakulam,https://www.redbus.in/bus-tickets/kozhikode-to-ernakulam,UFO Bus,Volvo Multi-Axle B9R A/c Semi Sleeper (2+2),23:55,05h 35m,05:30,3.5,630,1 Seat available
Kozhikode to Ernakulam,https://www.redbus.in/bus-tickets/kozhikode-to-ernakulam,Kalpaka Travels 1,A/C Sleeper (2+1),23:59,06h 01m,06:00,3.8,INR 800,2 Seats available
Kozhikode to Ernakulam,https://www.redbus.in/bus-tickets/kozhikode-to-ernakulam,Arya Travels,A/C Sleeper (2+1),23:59,05h 31m,05:30,4.0,INR 799,17 Seats available
Kozhikode to Ernakulam,https://www.redbus.in/bus-tickets/kozhikode-to-ernakulam,A1 Travels,A/C Seater / Sleeper (2+1),20:05,03h 54m,23:59,2.9,INR 900,1 Seat available
Kozhikode to Ernakulam,https://www.redbus.in/bus-tickets/kozhikode-to-ernakulam,EMERALD TRAVELS,Bharat Benz A/C Semi Sleeper (2+2),21:55,04h 45m,02:40,2.7,INR 900,15 Seats available
Kozhikode to Ernakulam,https://www.redbus.in/bus-tickets/kozhikode-to-ernakulam,Kallada Travels (Suresh Kallada),A/C Sleeper (2+1),23:15,03h 55m,03:10,1.8,INR 850,2 Seats available
Kozhikode to Ernakulam,https://www.redbus.in/bus-tickets/kozhikode-to-ernakulam,Arya Travels,A/C Sleeper (2+1),23:58,05h 32m,05:30,2.9,INR 795,2 Seats available
Kozhikode to Ernakulam,https://www.redbus.in/bus-tickets/kozhikode-to-ernakulam,Arya Travels,A/C Sleeper (2+1),23:59,05h 31m,05:30,2.9,INR 795,9 Seats available
Kozhikode to Ernakulam,https://www.redbus.in/bus-tickets/kozhikode-to-ernakulam,Kalpaka Travels 1,A/C Semi Sleeper (2+2),23:59,05h 01m,05:00,2.4,INR 600,7 Seats available
Kozhikode to Ernakulam,https://www.redbus.in/bus-tickets/kozhikode-to-ernakulam,Arya Travels,A/C Semi Sleeper (2+2),23:59,05h 31m,05:30,2.9,INR 595,10 Seats available
Kozhikode to Ernakulam,https://www.redbus.in/bus-tickets/kozhikode-to-ernakulam,KP Travels,Bharat Benz A/C Seater (2+2),22:00,03h 15m,01:15,3.0,INR 1399,45 Seats available
Kozhikode to Ernakulam,https://www.redbus.in/bus-tickets/kozhikode-to-ernakulam,KP Travels,NON AC Mini Bus (2+2),22:00,05h 15m,03:15,3.0,INR 1200,33 Seats available
Kozhikode to Ernakulam,https://www.redbus.in/bus-tickets/kozhikode-to-ernakulam,EMERALD TRAVELS,A/C Semi Sleeper (2+2),23:00,03h 30m,02:30,3.1,INR 999,3 Seats available
Kozhikode to Ernakulam,https://www.redbus.in/bus-tickets/kozhikode-to-ernakulam,EMERALD TRAVELS,Bharat Benz A/C Semi Sleeper (2+2),23:00,03h 30m,02:30,0,INR 1200,29 Seats available
Kozhikode to Bangalore,https://www.redbus.in/bus-tickets/kozhikode-to-bangalore,KSRTC (Kerala) - 578,Super Express Non AC Seater Air Bus (2+2),18:00,10h 00m,04:00,3.9,INR 513,4 Seats available
Kozhikode to Bangalore,https://www.redbus.in/bus-tickets/kozhikode-to-bangalore,KSRTC (Kerala) - 72,SWIFT-GARUDA A/C SEATER BUS,19:00,08h 35m,03:35,3.4,INR 688,8 Seats available
Kozhikode to Bangalore,https://www.redbus.in/bus-tickets/kozhikode-to-bangalore,KSRTC (Kerala) - 1583,Super Express Non AC Seater Air Bus (2+2),20:02,09h 19m,05:21,3.2,INR 640,12 Seats available
Kozhikode to Bangalore,https://www.redbus.in/bus-tickets/kozhikode-to-bangalore,KSRTC (Kerala) - 234,Swift Deluxe Non AC Air Bus (2+2),21:00,09h 00m,06:00,4.0,INR 620,5 Seats available
Kozhikode to Bangalore,https://www.redbus.in/bus-tickets/kozhikode-to-bangalore,KSRTC (Kerala) - 1584,Super Express Non AC Seater Air Bus (2+2),21:29,09h 09m,06:38,2.9,INR 640,21 Seats available
Kozhikode to Bangalore,https://www.redbus.in/bus-tickets/kozhikode-to-bangalore,KSRTC (Kerala) - 50,Swift Deluxe Non AC Air Bus (2+2),22:06,08h 35m,06:41,3.4,INR 640,9 Seats available
Kozhikode to Bangalore,https://www.redbus.in/bus-tickets/kozhikode-to-bangalore,KSRTC (Kerala) - 549,Super Express Non AC Seater Air Bus (2+2),22:15,07h 58m,06:13,1.7,INR 640,3 Seats available
Kozhikode to Bangalore,https://www.redbus.in/bus-tickets/kozhikode-to-bangalore,MMK Travels,VE A/C Seater / Sleeper (2+1),21:30,08h 30m,06:00,4.4,INR 700,11 Seats available
Kozhikode to Bangalore,https://www.redbus.in/bus-tickets/kozhikode-to-bangalore,NS Transports,VE A/C Sleeper (2+1),21:16,09h 14m,06:30,4.4,INR 899,15 Seats available
Kozhikode to Bangalore,https://www.redbus.in/bus-tickets/kozhikode-to-bangalore,DLT BUS,A/C Sleeper (2+1),21:45,08h 45m,06:30,4.2,INR 899,12 Seats available
Kozhikode to Bangalore,https://www.redbus.in/bus-tickets/kozhikode-to-bangalore,AdDA Transports,A/C Sleeper (2+1),21:50,08h 55m,06:45,3.7,739,12 Seats available
Kozhikode to Bangalore,https://www.redbus.in/bus-tickets/kozhikode-to-bangalore,Silver Line Travels,NON A/C Semi Sleeper (2+2),20:30,09h 15m,05:45,4.2,INR 599,19 Seats available
Kozhikode to Bangalore,https://www.redbus.in/bus-tickets/kozhikode-to-bangalore,P K Travels,A/C Sleeper (2+1),20:00,10h 00m,06:00,4.2,INR 950,11 Seats available
Kozhikode to Bangalore,https://www.redbus.in/bus-tickets/kozhikode-to-bangalore,SAAM BUS,VE A/C Sleeper (2+1),20:30,09h 45m,06:15,4.2,INR 850,5 Seats available
Kozhikode to Bangalore,https://www.redbus.in/bus-tickets/kozhikode-to-bangalore,Suraj Holidays,VE A/C Sleeper (2+1),22:00,09h 15m,07:15,3.9,INR 850,10 Seats available
Kozhikode to Bangalore,https://www.redbus.in/bus-tickets/kozhikode-to-bangalore,SKS Tours & Travels,A/C Sleeper (2+1),21:00,09h 00m,06:00,4.5,INR 899,12 Seats available
Kozhikode to Bangalore,https://www.redbus.in/bus-tickets/kozhikode-to-bangalore,SKS Tourist Corporation (REGD),A/C Sleeper (2+1),21:30,09h 00m,06:30,3.7,INR 899,7 Seats available
Kozhikode to Bangalore,https://www.redbus.in/bus-tickets/kozhikode-to-bangalore,A1 Travels,Non A/C Seater / Sleeper (2+1),21:30,09h 00m,06:30,3.2,INR 550,24 Seats available
Kozhikode to Bangalore,https://www.redbus.in/bus-tickets/kozhikode-to-bangalore,P K Travels,Non A/C Seater / Sleeper (2+1),21:00,09h 00m,06:00,4.2,INR 700,12 Seats available
Kozhikode to Bangalore,https://www.redbus.in/bus-tickets/kozhikode-to-bangalore,Sam Tourist,NON AC Seater / Sleeper 2+1,21:00,09h 30m,06:30,3.5,INR 599,9 Seats available
Kozhikode to Bangalore,https://www.redbus.in/bus-tickets/kozhikode-to-bangalore,NS Transports,Non A/C Seater / Sleeper (2+1),19:31,08h 59m,04:30,4.2,INR 799,5 Seats available
Kozhikode to Bangalore,https://www.redbus.in/bus-tickets/kozhikode-to-bangalore,Vijay Lines,A/C Seater / Sleeper (2+1),21:00,10h 10m,07:10,4.3,INR 455,23 Seats available
Kozhikode to Bangalore,https://www.redbus.in/bus-tickets/kozhikode-to-bangalore,National travels and logistics,A/C Sleeper (2+1),21:00,09h 15m,06:15,2.6,749,14 Seats available
Kozhikode to Bangalore,https://www.redbus.in/bus-tickets/kozhikode-to-bangalore,NS Transports,NON A/C Sleeper (2+1),20:31,10h 04m,06:35,3.4,INR 749,6 Seats available
Kozhikode to Bangalore,https://www.redbus.in/bus-tickets/kozhikode-to-bangalore,A1 Travels,A/C Seater / Sleeper (2+1),22:00,08h 00m,06:00,2.8,INR 750,29 Seats available
Kozhikode to Bangalore,https://www.redbus.in/bus-tickets/kozhikode-to-bangalore,National travels and logistics,NON A/C Sleeper (2+1),20:45,09h 30m,06:15,4.1,799,9 Seats available
Kozhikode to Bangalore,https://www.redbus.in/bus-tickets/kozhikode-to-bangalore,P K Travels,A/C Seater / Sleeper (2+1),21:45,08h 15m,06:00,3.9,INR 850,28 Seats available
Kozhikode to Bangalore,https://www.redbus.in/bus-tickets/kozhikode-to-bangalore,DA Transports,A/C Sleeper (2+1),22:00,09h 45m,07:45,3.7,739,10 Seats available
Kozhikode to Bangalore,https://www.redbus.in/bus-tickets/kozhikode-to-bangalore,FAST LINE BUS,A/C Sleeper (2+1),21:15,09h 00m,06:15,5.0,INR 2699,34 Seats available
Kozhikode to Bangalore,https://www.redbus.in/bus-tickets/kozhikode-to-bangalore,Suraj Holidays,NON AC Seater / Sleeper 2+1,21:00,08h 55m,05:55,2.8,INR 700,10 Seats available
Kozhikode to Bangalore,https://www.redbus.in/bus-tickets/kozhikode-to-bangalore,A1 Travels,A/C Seater / Sleeper (2+1),20:00,09h 30m,05:30,1.9,INR 600,23 Seats available
Ernakulam to Kozhikode,https://www.redbus.in/bus-tickets/ernakulam-to-kozhikode,KSRTC (Kerala) - 2569,Super Fast Non AC Seater (2+3),18:00,06h 35m,00:35,2.8,INR 261,41 Seats available
Ernakulam to Kozhikode,https://www.redbus.in/bus-tickets/ernakulam-to-kozhikode,KSRTC (Kerala) - 549,Super Express Non AC Seater Air Bus (2+2),18:05,04h 10m,22:15,2.5,INR 309,9 Seats available
Ernakulam to Kozhikode,https://www.redbus.in/bus-tickets/ernakulam-to-kozhikode,KSRTC (Kerala) - 2517,Swift Deluxe Non AC Air Bus (2+2),18:36,04h 40m,23:16,1.5,INR 309,29 Seats available
Ernakulam to Kozhikode,https://www.redbus.in/bus-tickets/ernakulam-to-kozhikode,KSRTC (Kerala) - 570,Super Express Non AC Seater Air Bus (2+2),21:20,04h 25m,01:45,2.9,INR 309,27 Seats available
Ernakulam to Kozhikode,https://www.redbus.in/bus-tickets/ernakulam-to-kozhikode,KSRTC (Kerala) - 915,Super Fast Non AC Seater (2+3),21:35,05h 35m,03:10,2.8,INR 261,17 Seats available
Ernakulam to Kozhikode,https://www.redbus.in/bus-tickets/ernakulam-to-kozhikode,KSRTC (Kerala) - 352,Super Fast Non AC Seater (2+3),21:46,05h 24m,03:10,4.6,INR 269,42 Seats available
Ernakulam to Kozhikode,https://www.redbus.in/bus-tickets/ernakulam-to-kozhikode,KSRTC (Kerala) - 1028,Super Fast Non AC Seater (2+3),22:10,05h 20m,03:30,2.8,INR 269,15 Seats available
Ernakulam to Kozhikode,https://www.redbus.in/bus-tickets/ernakulam-to-kozhikode,KSRTC (Kerala) - 2071,Super Express Non AC Seater Air Bus (2+2),22:10,04h 20m,02:30,3.7,INR 268,3 Seats available
Ernakulam to Kozhikode,https://www.redbus.in/bus-tickets/ernakulam-to-kozhikode,KSRTC (Kerala) - 43,Swift Deluxe Non AC Air Bus (2+2),22:15,05h 06m,03:21,2.6,INR 309,2 Seats available
Ernakulam to Kozhikode,https://www.redbus.in/bus-tickets/ernakulam-to-kozhikode,KSRTC (Kerala) - 408,Super Express Non AC Seater Air Bus (2+2),22:30,04h 15m,02:45,2.8,INR 299,1 Seat available
Ernakulam to Kozhikode,https://www.redbus.in/bus-tickets/ernakulam-to-kozhikode,KSRTC (Kerala) - 697,Super Fast Non AC Seater (2+3),22:34,05h 01m,03:35,3.6,INR 231,33 Seats available
Ernakulam to Kozhikode,https://www.redbus.in/bus-tickets/ernakulam-to-kozhikode,KSRTC (Kerala) - 368,AC MULTI AXLE,22:50,04h 15m,03:05,2.9,INR 494,17 Seats available
Ernakulam to Kozhikode,https://www.redbus.in/bus-tickets/ernakulam-to-kozhikode,KSRTC (Kerala) - 1845,Low Floor AC Seater 2+2,23:04,05h 06m,04:10,3.2,INR 383,5 Seats available
Ernakulam to Kozhikode,https://www.redbus.in/bus-tickets/ernakulam-to-kozhikode,KSRTC (Kerala) - 431,Super Fast Non AC Seater (2+3),23:15,05h 30m,04:45,2.8,INR 269,19 Seats available
Ernakulam to Kozhikode,https://www.redbus.in/bus-tickets/ernakulam-to-kozhikode,Shajees Motors,A/C Semi Sleeper (2+2),19:30,05h 10m,00:40,3.2,500,6 Seats available
Ernakulam to Kozhikode,https://www.redbus.in/bus-tickets/ernakulam-to-kozhikode,Ubc travels,A/C Semi Sleeper (2+2),20:40,04h 20m,01:00,3.6,INR 800,15 Seats available
Ernakulam to Kozhikode,https://www.redbus.in/bus-tickets/ernakulam-to-kozhikode,Ubc travels,A/C Seater/Sleeper (2+1),20:45,06h 15m,03:00,3.6,INR 900,31 Seats available
Ernakulam to Kozhikode,https://www.redbus.in/bus-tickets/ernakulam-to-kozhikode,Kalpaka Travels 1,A/C Sleeper (2+1),20:55,05h 35m,02:30,5.0,INR 800,11 Seats available
Ernakulam to Kozhikode,https://www.redbus.in/bus-tickets/ernakulam-to-kozhikode,Sheraton Tours and Travels,A/C Seater/Sleeper (2+1),21:00,04h 45m,01:45,5.0,480,14 Seats available
Ernakulam to Kozhikode,https://www.redbus.in/bus-tickets/ernakulam-to-kozhikode,Jacobs Travels,A/C Semi Sleeper (2+2),21:00,05h 30m,02:30,3.0,INR 700,25 Seats available
Ernakulam to Kozhikode,https://www.redbus.in/bus-tickets/ernakulam-to-kozhikode,Cochin Express,A/C Sleeper (2+1),21:15,05h 15m,02:30,4.4,INR 900,7 Seats available
Ernakulam to Kozhikode,https://www.redbus.in/bus-tickets/ernakulam-to-kozhikode,Madhavi Travels,A/C Semi Sleeper (2+2),22:10,05h 25m,03:35,3.0,599,11 Seats available
Ernakulam to Kozhikode,https://www.redbus.in/bus-tickets/ernakulam-to-kozhikode,Madhavi Travels,A/C Sleeper (2+1),21:40,04h 55m,02:35,3.9,INR 799,22 Seats available
Ernakulam to Kozhikode,https://www.redbus.in/bus-tickets/ernakulam-to-kozhikode,Cochin Express,Volvo Multi-Axle B9R A/c Semi Sleeper (2+2),21:15,05h 05m,02:20,4.4,INR 667,23 Seats available
Ernakulam to Kozhikode,https://www.redbus.in/bus-tickets/ernakulam-to-kozhikode,Madhavi Travels,A/C Sleeper (2+1),22:00,04h 45m,02:45,4.8,799,14 Seats available
Ernakulam to Kozhikode,https://www.redbus.in/bus-tickets/ernakulam-to-kozhikode,UFO Bus,A/C Sleeper (2+1),21:15,05h 30m,02:45,3.8,800,15 Seats available
Ernakulam to Kozhikode,https://www.redbus.in/bus-tickets/ernakulam-to-kozhikode,Madhavi Travels,A/C Semi Sleeper (2+2),21:30,04h 45m,02:15,4.0,549,10 Seats available
Ernakulam to Kozhikode,https://www.redbus.in/bus-tickets/ernakulam-to-kozhikode,Sonia Travels,A/C Semi Sleeper (2+2),21:20,05h 10m,02:30,3.8,INR 600,7 Seats available
Ernakulam to Kozhikode,https://www.redbus.in/bus-tickets/ernakulam-to-kozhikode,UFO Bus,Volvo Multi-Axle B9R A/c Semi Sleeper (2+2),21:30,05h 15m,02:45,4.7,630,18 Seats available
Ernakulam to Kozhikode,https://www.redbus.in/bus-tickets/ernakulam-to-kozhikode,Arya Travels,A/C Sleeper (2+1),21:45,05h 30m,03:15,3.2,INR 795,11 Seats available
Ernakulam to Kozhikode,https://www.redbus.in/bus-tickets/ernakulam-to-kozhikode,Arya Travels,A/C Sleeper (2+1),21:45,05h 30m,03:15,3.2,INR 695,6 Seats available
Ernakulam to Kozhikode,https://www.redbus.in/bus-tickets/ernakulam-to-kozhikode,Sonia Travels,A/C Seater/Sleeper (2+1),21:50,04h 39m,02:29,3.8,INR 650,17 Seats available
Ernakulam to Kozhikode,https://www.redbus.in/bus-tickets/ernakulam-to-kozhikode,Madhavi Travels,A/C Sleeper (2+1),23:59,04h 31m,04:30,3.8,999,3 Seats available
Ernakulam to Kozhikode,https://www.redbus.in/bus-tickets/ernakulam-to-kozhikode,Kalpaka Travels 1,A/C Semi Sleeper (2+2),22:00,05h 00m,03:00,4.5,INR 600,21 Seats available
Ernakulam to Kozhikode,https://www.redbus.in/bus-tickets/ernakulam-to-kozhikode,Surya Connect,Volvo A/C Semi Sleeper (2+2),22:00,04h 10m,02:10,4.2,INR 580,28 Seats available
Ernakulam to Kozhikode,https://www.redbus.in/bus-tickets/ernakulam-to-kozhikode,A1 Travels,Bharat Benz A/C Seater /Sleeper (2+1),23:59,05h 31m,05:30,3.6,INR 700,11 Seats available
Ernakulam to Kozhikode,https://www.redbus.in/bus-tickets/ernakulam-to-kozhikode,EMERALD TRAVELS,Volvo Multi-Axle A/C Semi Sleeper (2+2),22:30,05h 45m,04:15,2.8,INR 700,39 Seats available
Ernakulam to Kozhikode,https://www.redbus.in/bus-tickets/ernakulam-to-kozhikode,A1 Travels,Bharat Benz A/C Sleeper (2+1),23:45,04h 15m,04:00,2.0,INR 900,19 Seats available
Ernakulam to Kozhikode,https://www.redbus.in/bus-tickets/ernakulam-to-kozhikode,A1 Travels,Bharat Benz A/C Seater /Sleeper (2+1),23:59,05h 01m,05:00,2.9,INR 750,14 Seats available
Ernakulam to Kozhikode,https://www.redbus.in/bus-tickets/ernakulam-to-kozhikode,Adrin Travels,A/C Seater/Sleeper (2+1),21:00,05h 00m,02:00,5.0,INR 1000,15 Seats available
Ernakulam to Kozhikode,https://www.redbus.in/bus-tickets/ernakulam-to-kozhikode,PHOENIX TRAVELS,A/C Sleeper (2+1),22:01,03h 59m,02:00,4.4,INR 1000,36 Seats available
Ernakulam to Kozhikode,https://www.redbus.in/bus-tickets/ernakulam-to-kozhikode,LIYAS TOURS,Bharat Benz A/C Sleeper (2+1),22:40,05h 00m,03:40,3.7,1049,11 Seats available
Ernakulam to Kozhikode,https://www.redbus.in/bus-tickets/ernakulam-to-kozhikode,AURA CONNECT,A/C Sleeper (2+1),21:35,04h 45m,02:20,2.7,1199,25 Seats available
Ernakulam to Kozhikode,https://www.redbus.in/bus-tickets/ernakulam-to-kozhikode,Kallada Travels (Suresh Kallada),A/C Sleeper (2+1),22:10,05h 41m,03:51,2.1,INR 1000,9 Seats available
Ernakulam to Kozhikode,https://www.redbus.in/bus-tickets/ernakulam-to-kozhikode,EMERALD TRAVELS,A/C Sleeper (2+1),23:30,05h 00m,04:30,2.8,INR 1100,14 Seats available
Kozhikode to Mysore,https://www.redbus.in/bus-tickets/kozhikode-to-mysore,KSRTC (Kerala) - 578,Super Express Non AC Seater Air Bus (2+2),18:00,07h 20m,01:20,3.8,INR 350,4 Seats available
Kozhikode to Mysore,https://www.redbus.in/bus-tickets/kozhikode-to-mysore,KSRTC (Kerala) - 72,SWIFT-GARUDA A/C SEATER BUS,19:00,05h 30m,00:30,2.0,INR 452,11 Seats available
Kozhikode to Mysore,https://www.redbus.in/bus-tickets/kozhikode-to-mysore,KSRTC (Kerala) - 1583,Super Express Non AC Seater Air Bus (2+2),20:02,05h 59m,02:01,3.8,INR 419,14 Seats available
Kozhikode to Mysore,https://www.redbus.in/bus-tickets/kozhikode-to-mysore,KSRTC (Kerala) - 234,Swift Deluxe Non AC Air Bus (2+2),21:00,06h 30m,03:30,3.8,INR 398,5 Seats available
Kozhikode to Mysore,https://www.redbus.in/bus-tickets/kozhikode-to-mysore,KSRTC (Kerala) - 1584,Super Express Non AC Seater Air Bus (2+2),21:29,06h 04m,03:33,3.8,INR 419,21 Seats available
Kozhikode to Mysore,https://www.redbus.in/bus-tickets/kozhikode-to-mysore,KSRTC (Kerala) - 50,Swift Deluxe Non AC Air Bus (2+2),22:06,05h 55m,04:01,4.6,INR 419,8 Seats available
Kozhikode to Mysore,https://www.redbus.in/bus-tickets/kozhikode-to-mysore,KSRTC (Kerala) - 549,Super Express Non AC Seater Air Bus (2+2),22:15,05h 40m,03:55,3.8,INR 419,2 Seats available
Kozhikode to Mysore,https://www.redbus.in/bus-tickets/kozhikode-to-mysore,KSRTC (Kerala) - 719,Super Fast Non AC Seater (2+3),23:00,06h 40m,05:40,3.0,INR 319,20 Seats available
Kozhikode to Mysore,https://www.redbus.in/bus-tickets/kozhikode-to-mysore,A1 Travels,A/C Seater / Sleeper (2+1),20:00,08h 00m,04:00,3.2,INR 600,24 Seats available
Kozhikode to Mysore,https://www.redbus.in/bus-tickets/kozhikode-to-mysore,National travels and logistics,NON A/C Sleeper (2+1),20:45,07h 15m,04:00,3.8,799,16 Seats available
Kozhikode to Mysore,https://www.redbus.in/bus-tickets/kozhikode-to-mysore,Sam Tourist,NON AC Seater / Sleeper 2+1,21:00,07h 00m,04:00,3.1,INR 599,29 Seats available
Kozhikode to Mysore,https://www.redbus.in/bus-tickets/kozhikode-to-mysore,Suraj Holidays,NON AC Seater / Sleeper 2+1,21:00,06h 00m,03:00,3.9,INR 700,27 Seats available
Kozhikode to Mysore,https://www.redbus.in/bus-tickets/kozhikode-to-mysore,A1 Travels,Non A/C Seater / Sleeper (2+1),21:30,06h 30m,04:00,3.2,INR 550,33 Seats available
Kozhikode to Mysore,https://www.redbus.in/bus-tickets/kozhikode-to-mysore,DA Transports,A/C Sleeper (2+1),21:50,06h 40m,04:30,3.7,739,12 Seats available
Kozhikode to Mysore,https://www.redbus.in/bus-tickets/kozhikode-to-mysore,DA Transports,A/C Sleeper (2+1),22:00,06h 40m,04:40,3.7,739,15 Seats available
Kozhikode to Mysore,https://www.redbus.in/bus-tickets/kozhikode-to-mysore,SAAM BUS,VE A/C Sleeper (2+1),20:30,07h 30m,04:00,4.2,INR 850,6 Seats available
Kozhikode to Mysore,https://www.redbus.in/bus-tickets/kozhikode-to-mysore,SKS Tours & Travels,A/C Sleeper (2+1),21:00,07h 00m,04:00,4.1,INR 899,19 Seats available
Kozhikode to Mysore,https://www.redbus.in/bus-tickets/kozhikode-to-mysore,National travels and logistics,A/C Sleeper (2+1),21:00,06h 15m,03:15,3.8,INR 849,18 Seats available
Kozhikode to Mysore,https://www.redbus.in/bus-tickets/kozhikode-to-mysore,NS Transports,VE A/C Sleeper (2+1),21:15,06h 15m,03:30,4.2,INR 899,19 Seats available
Kozhikode to Mysore,https://www.redbus.in/bus-tickets/kozhikode-to-mysore,SKS Tourist Corporation (REGD),A/C Sleeper (2+1),21:30,07h 15m,04:45,3.6,INR 899,7 Seats available
Kozhikode to Mysore,https://www.redbus.in/bus-tickets/kozhikode-to-mysore,Suraj Holidays,VE A/C Sleeper (2+1),22:00,07h 00m,05:00,3.6,INR 850,10 Seats available
Kozhikode to Mysore,https://www.redbus.in/bus-tickets/kozhikode-to-mysore,FAST LINE BUS,A/C Sleeper (2+1),21:15,06h 45m,04:00,0,INR 2699,34 Seats available
Kozhikode to Thiruvananthapuram,https://www.redbus.in/bus-tickets/kozhikode-to-thiruvananthapuram,KSRTC (Kerala) - 1862,Low Floor AC Seater 2+2,17:30,10h 15m,03:45,2.9,INR 723,1 Seat available
Kozhikode to Thiruvananthapuram,https://www.redbus.in/bus-tickets/kozhikode-to-thiruvananthapuram,KSRTC (Kerala) - 503,Super Express Non AC Seater Air Bus (2+2),17:42,07h 58m,01:40,3.4,INR 586,3 Seats available
Kozhikode to Thiruvananthapuram,https://www.redbus.in/bus-tickets/kozhikode-to-thiruvananthapuram,KSRTC (Kerala) - 2372,Low Floor AC Seater 2+2,19:30,08h 40m,04:10,2.9,INR 723,2 Seats available
Kozhikode to Thiruvananthapuram,https://www.redbus.in/bus-tickets/kozhikode-to-thiruvananthapuram,KSRTC (Kerala) - 827,Super Fast Non AC Seater (2+3),21:00,11h 35m,08:35,2.6,INR 515,17 Seats available
Kozhikode to Thiruvananthapuram,https://www.redbus.in/bus-tickets/kozhikode-to-thiruvananthapuram,KSRTC (Kerala) - 1100,AC MULTI AXLE,22:05,08h 10m,06:15,2.9,INR 904,1 Seat available
Kozhikode to Thiruvananthapuram,https://www.redbus.in/bus-tickets/kozhikode-to-thiruvananthapuram,KSRTC (Kerala) - 279,Super Fast Non AC Seater (2+3),23:05,10h 45m,09:50,2.4,INR 515,11 Seats available
Kozhikode to Thiruvananthapuram,https://www.redbus.in/bus-tickets/kozhikode-to-thiruvananthapuram,A1 Travels,NON A/C Semi Sleeper (2+2),21:00,09h 00m,06:00,3.1,INR 600,4 Seats available
Kozhikode to Thiruvananthapuram,https://www.redbus.in/bus-tickets/kozhikode-to-thiruvananthapuram,LIYAS TOURS,Bharat Benz A/C Sleeper (2+1),23:05,08h 35m,07:40,4.0,949,1 Seat available
Kozhikode to Thiruvananthapuram,https://www.redbus.in/bus-tickets/kozhikode-to-thiruvananthapuram,A1 Travels,Bharat Benz A/C Seater /Sleeper (2+1),22:15,07h 30m,05:45,2.5,INR 800,1 Seat available
Kozhikode to Thiruvananthapuram,https://www.redbus.in/bus-tickets/kozhikode-to-thiruvananthapuram,Kallada Travels (Suresh Kallada),A/C Sleeper (2+1),23:15,08h 00m,07:15,2.1,INR 1000,1 Seat available
Kozhikode to Thiruvananthapuram,https://www.redbus.in/bus-tickets/kozhikode-to-thiruvananthapuram,A1 Travels,Bharat Benz A/C Sleeper (2+1),23:30,08h 30m,08:00,2.4,INR 900,11 Seats available
Kozhikode to Thiruvananthapuram,https://www.redbus.in/bus-tickets/kozhikode-to-thiruvananthapuram,A1 Travels,Bharat Benz A/C Seater /Sleeper (2+1),22:30,07h 30m,06:00,2.7,INR 800,1 Seat available
Kozhikode to Thiruvananthapuram,https://www.redbus.in/bus-tickets/kozhikode-to-thiruvananthapuram,EMERALD TRAVELS,Bharat Benz A/C Semi Sleeper (2+2),21:55,08h 35m,06:30,2.7,INR 900,15 Seats available
Kozhikode to Thiruvananthapuram,https://www.redbus.in/bus-tickets/kozhikode-to-thiruvananthapuram,KP Travels,Bharat Benz A/C Seater (2+2),22:00,07h 30m,05:30,3.0,INR 1399,45 Seats available
Kozhikode to Thiruvananthapuram,https://www.redbus.in/bus-tickets/kozhikode-to-thiruvananthapuram,KP Travels,NON AC Mini Bus (2+2),22:00,08h 15m,06:15,3.5,INR 1200,33 Seats available
Kozhikode to Thiruvananthapuram,https://www.redbus.in/bus-tickets/kozhikode-to-thiruvananthapuram,A1 Travels,NON A/C Semi Sleeper (2+2),22:30,09h 00m,07:30,3.3,INR 600,28 Seats available
Kozhikode to Thiruvananthapuram,https://www.redbus.in/bus-tickets/kozhikode-to-thiruvananthapuram,EMERALD TRAVELS,A/C Semi Sleeper (2+2),23:00,07h 30m,06:30,2.5,INR 999,3 Seats available
Kozhikode to Thiruvananthapuram,https://www.redbus.in/bus-tickets/kozhikode-to-thiruvananthapuram,Balaji Tourist,Volvo Multi-Axle A/C Semisleeper (2+2),22:00,11h 00m,09:00,1.3,INR 3000,1 Seat available
Kozhikode to Thiruvananthapuram,https://www.redbus.in/bus-tickets/kozhikode-to-thiruvananthapuram,EMERALD TRAVELS,Bharat Benz A/C Semi Sleeper (2+2),23:00,07h 30m,06:30,0,INR 1200,26 Seats available
Bangalore to Kalpetta (kerala),https://www.redbus.in/bus-tickets/bangalore-to-kalpetta,KSRTC (Kerala) - 789,Super Fast Non AC Seater (2+3),20:00,06h 05m,02:05,3.8,INR 473,45 Seats available
Bangalore to Kalpetta (kerala),https://www.redbus.in/bus-tickets/bangalore-to-kalpetta,KSRTC (Kerala) - 1585,Super Express Non AC Seater Air Bus (2+2),20:31,07h 10m,03:41,3.8,INR 548,20 Seats available
Bangalore to Kalpetta (kerala),https://www.redbus.in/bus-tickets/bangalore-to-kalpetta,KSRTC (Kerala) - 1586,Super Express Non AC Seater Air Bus (2+2),21:31,07h 15m,04:46,3.8,INR 548,36 Seats available
Bangalore to Kalpetta (kerala),https://www.redbus.in/bus-tickets/bangalore-to-kalpetta,KSRTC (Kerala) - 2133,Swift Deluxe Non AC Air Bus (2+2),22:12,07h 49m,06:01,3.9,INR 548,14 Seats available
Bangalore to Kalpetta (kerala),https://www.redbus.in/bus-tickets/bangalore-to-kalpetta,KSRTC (Kerala) - 2063,SWIFT-GARUDA A/C SEATER BUS,22:32,06h 43m,05:15,4.1,INR 524,1 Seat available
Bangalore to Kalpetta (kerala),https://www.redbus.in/bus-tickets/bangalore-to-kalpetta,KSRTC (Kerala) - 574,Super Express Non AC Seater Air Bus (2+2),23:00,08h 30m,07:30,3.7,INR 377,14 Seats available
Bangalore to Kalpetta (kerala),https://www.redbus.in/bus-tickets/bangalore-to-kalpetta,KSRTC (Kerala) - 583,Super Express Non AC Seater Air Bus (2+2),23:30,08h 05m,07:35,3.5,INR 377,18 Seats available
Bangalore to Kalpetta (kerala),https://www.redbus.in/bus-tickets/bangalore-to-kalpetta,KSRTC (Kerala) - 56,SWIFT-GARUDA A/C SEATER BUS,23:41,07h 34m,07:15,4.4,INR 524,35 Seats available
Bangalore to Kalpetta (kerala),https://www.redbus.in/bus-tickets/bangalore-to-kalpetta,DLT BUS,A/C Sleeper (2+1),22:30,07h 00m,05:30,4.2,INR 899,7 Seats available
Bangalore to Kalpetta (kerala),https://www.redbus.in/bus-tickets/bangalore-to-kalpetta,MMK Travels,VE A/C Seater / Sleeper (2+1),22:30,07h 00m,05:30,4.5,INR 700,21 Seats available
Bangalore to Kalpetta (kerala),https://www.redbus.in/bus-tickets/bangalore-to-kalpetta,Kyros Connect,Bharat Benz A/C Semi Sleeper (2+2),23:00,08h 20m,07:20,4.3,INR 599,30 Seats available
Bangalore to Kalpetta (kerala),https://www.redbus.in/bus-tickets/bangalore-to-kalpetta,DLT BUS,A/C Sleeper (2+1),22:30,06h 50m,05:20,4.4,INR 899,7 Seats available
Bangalore to Kalpetta (kerala),https://www.redbus.in/bus-tickets/bangalore-to-kalpetta,Kyros Connect,Bharat Benz A/C Semi Sleeper (2+2),23:00,08h 30m,07:30,3.9,INR 599,33 Seats available
Bangalore to Kalpetta (kerala),https://www.redbus.in/bus-tickets/bangalore-to-kalpetta,Suraj Holidays,VE A/C Sleeper (2+1),22:30,07h 45m,06:15,4.5,INR 850,20 Seats available
Bangalore to Kalpetta (kerala),https://www.redbus.in/bus-tickets/bangalore-to-kalpetta,FAST LINE BUS,A/C Sleeper (2+1),21:15,06h 45m,04:00,4.5,INR 2699,34 Seats available
Bangalore to Kalpetta (kerala),https://www.redbus.in/bus-tickets/bangalore-to-kalpetta,Silver Line Travels,NON A/C Semi Sleeper (2+2),22:00,06h 20m,04:20,3.9,INR 599,34 Seats available
Bangalore to Kalpetta (kerala),https://www.redbus.in/bus-tickets/bangalore-to-kalpetta,Kallada Travels (Suresh Kallada),A/C Sleeper (2+1),22:00,07h 25m,05:25,3.8,INR 999,19 Seats available
Bangalore to Kalpetta (kerala),https://www.redbus.in/bus-tickets/bangalore-to-kalpetta,MMK Travels,VE A/C Seater / Sleeper (2+1),22:30,07h 15m,05:45,4.3,INR 700,20 Seats available
Bangalore to Kalpetta (kerala),https://www.redbus.in/bus-tickets/bangalore-to-kalpetta,Suraj Holidays,VE A/C Sleeper (2+1),22:30,07h 45m,06:15,3.7,750,21 Seats available
Bangalore to Kalpetta (kerala),https://www.redbus.in/bus-tickets/bangalore-to-kalpetta,A1 Travels,Non A/C Seater / Sleeper (2+1),21:00,08h 00m,05:00,3.6,INR 500,33 Seats available
Bangalore to Kalpetta (kerala),https://www.redbus.in/bus-tickets/bangalore-to-kalpetta,DA Transports,A/C Sleeper (2+1),21:45,06h 30m,04:15,4.2,INR 700,26 Seats available
Bangalore to Kalpetta (kerala),https://www.redbus.in/bus-tickets/bangalore-to-kalpetta,SKS Tourist Corporation (REGD),Non A/C Seater / Sleeper (2+1),21:15,06h 55m,04:10,2.6,INR 849,22 Seats available
Bangalore to Kalpetta (kerala),https://www.redbus.in/bus-tickets/bangalore-to-kalpetta,SKS Tourist Corporation (REGD),A/C Sleeper (2+1),21:00,07h 45m,04:45,3.7,INR 999,21 Seats available
Bangalore to Kalpetta (kerala),https://www.redbus.in/bus-tickets/bangalore-to-kalpetta,A1 Travels,Bharat Benz A/C Seater /Sleeper (2+1),20:00,08h 30m,04:30,3.7,INR 700,29 Seats available
Bangalore to Kalpetta (kerala),https://www.redbus.in/bus-tickets/bangalore-to-kalpetta,A1 Travels,A/C Seater / Sleeper (2+1),22:30,06h 30m,05:00,3.7,INR 600,24 Seats available
Bangalore to Kalpetta (kerala),https://www.redbus.in/bus-tickets/bangalore-to-kalpetta,DA Transports,A/C Sleeper (2+1),21:45,06h 30m,04:15,4.2,INR 2999,32 Seats available
Bangalore to Kalpetta (kerala),https://www.redbus.in/bus-tickets/bangalore-to-kalpetta,SURAJ TRAVEL HOUSE,VE A/C Seater / Sleeper (2+1),21:00,08h 15m,05:15,3.2,INR 699,32 Seats available
Bangalore to Kalpetta (kerala),https://www.redbus.in/bus-tickets/bangalore-to-kalpetta,SKS Tourist Corporation (REGD),A/C Sleeper (2+1),21:00,07h 20m,04:20,3.2,INR 999,21 Seats available
Bangalore to Kalpetta (kerala),https://www.redbus.in/bus-tickets/bangalore-to-kalpetta,SKS Tourist Corporation (REGD),Non A/C Seater / Sleeper (2+1),21:15,06h 35m,03:50,2.2,INR 849,17 Seats available
Bangalore to Kalpetta (kerala),https://www.redbus.in/bus-tickets/bangalore-to-kalpetta,Vijay Lines,A/C Seater / Sleeper (2+1),22:20,06h 25m,04:45,3.8,INR 455,26 Seats available
Bangalore to Kalpetta (kerala),https://www.redbus.in/bus-tickets/bangalore-to-kalpetta,P K Travels,A/C Seater / Sleeper (2+1),21:30,06h 30m,04:00,0,INR 770,28 Seats available
Mysore to Kozhikode,https://www.redbus.in/bus-tickets/mysore-to-kozhikode,KSRTC (Kerala) - 793,Super Fast Non AC Seater (2+3),18:30,05h 30m,00:00,4.3,INR 285,44 Seats available
Mysore to Kozhikode,https://www.redbus.in/bus-tickets/mysore-to-kozhikode,KSRTC (Kerala) - 1077,Super Fast Non AC Seater (2+3),22:30,07h 20m,05:50,4.4,INR 319,33 Seats available
Mysore to Kozhikode,https://www.redbus.in/bus-tickets/mysore-to-kozhikode,KSRTC (Kerala) - 2056,Swift Deluxe Non AC Air Bus (2+2),22:31,05h 55m,04:26,4.0,INR 356,29 Seats available
Mysore to Kozhikode,https://www.redbus.in/bus-tickets/mysore-to-kozhikode,KSRTC (Kerala) - 1585,Super Express Non AC Seater Air Bus (2+2),23:36,06h 00m,05:36,4.2,INR 419,17 Seats available
Mysore to Kozhikode,https://www.redbus.in/bus-tickets/mysore-to-kozhikode,LIYAS TOURS,Bharat Benz A/C Sleeper (2+1),17:25,05h 40m,23:05,4.5,549,18 Seats available
Mysore to Kozhikode,https://www.redbus.in/bus-tickets/mysore-to-kozhikode,A1 Travels,Bharat Benz A/C Sleeper (2+1),17:30,06h 00m,23:30,3.2,INR 500,20 Seats available
Mysore to Kozhikode,https://www.redbus.in/bus-tickets/mysore-to-kozhikode,Suraj Holidays,NON AC Seater / Sleeper 2+1,23:00,07h 00m,06:00,4.2,INR 700,21 Seats available
Mysore to Kozhikode,https://www.redbus.in/bus-tickets/mysore-to-kozhikode,A1 Travels,A/C Seater / Sleeper (2+1),23:45,06h 45m,06:30,3.2,INR 600,24 Seats available
Mysore to Kozhikode,https://www.redbus.in/bus-tickets/mysore-to-kozhikode,NS Transports,NON A/C Sleeper (2+1),00:10,06h 00m,06:10,4.2,INR 800,22 Seats available
Mysore to Kozhikode,https://www.redbus.in/bus-tickets/mysore-to-kozhikode,NS Transports,Non A/C Seater / Sleeper (2+1),00:30,06h 00m,06:30,4.2,INR 700,19 Seats available
Mysore to Kozhikode,https://www.redbus.in/bus-tickets/mysore-to-kozhikode,National travels and logistics,NON A/C Sleeper (2+1),00:40,05h 50m,06:30,3.5,649,20 Seats available
Mysore to Kozhikode,https://www.redbus.in/bus-tickets/mysore-to-kozhikode,Sam Tourist,NON AC Seater / Sleeper 2+1,00:45,06h 20m,07:05,4.0,INR 599,25 Seats available
Mysore to Kozhikode,https://www.redbus.in/bus-tickets/mysore-to-kozhikode,Kallada Travels (Suresh Kallada),A/C Sleeper (2+1),17:30,05h 46m,23:16,2.5,INR 600,9 Seats available
Mysore to Kozhikode,https://www.redbus.in/bus-tickets/mysore-to-kozhikode,SKS Tourist Corporation (REGD),A/C Sleeper (2+1),23:55,05h 35m,05:30,3.6,INR 999,21 Seats available
Mysore to Kozhikode,https://www.redbus.in/bus-tickets/mysore-to-kozhikode,SKS Tours & Travels,A/C Sleeper (2+1),23:59,05h 41m,05:40,3.6,INR 1099,10 Seats available
Mysore to Kozhikode,https://www.redbus.in/bus-tickets/mysore-to-kozhikode,NS Transports,VE A/C Sleeper (2+1),00:45,06h 45m,07:30,4.2,INR 1000,13 Seats available
Mysore to Kozhikode,https://www.redbus.in/bus-tickets/mysore-to-kozhikode,FAST LINE BUS,A/C Sleeper (2+1),23:59,06h 16m,06:15,0,INR 2699,34 Seats available
Kalpetta (kerala) to Bangalore,https://www.redbus.in/bus-tickets/kalpetta-to-bangalore,KSRTC (Kerala) - 578,Super Express Non AC Seater Air Bus (2+2),20:00,08h 00m,04:00,2.2,INR 426,9 Seats available
Kalpetta (kerala) to Bangalore,https://www.redbus.in/bus-tickets/kalpetta-to-bangalore,KSRTC (Kerala) - 72,SWIFT-GARUDA A/C SEATER BUS,20:35,07h 00m,03:35,3.4,INR 586,8 Seats available
Kalpetta (kerala) to Bangalore,https://www.redbus.in/bus-tickets/kalpetta-to-bangalore,KSRTC (Kerala) - 1583,Super Express Non AC Seater Air Bus (2+2),21:57,07h 24m,05:21,4.4,INR 548,20 Seats available
Kalpetta (kerala) to Bangalore,https://www.redbus.in/bus-tickets/kalpetta-to-bangalore,KSRTC (Kerala) - 197,Super Deluxe Non AC Seater Air Bus (2+2),22:35,07h 55m,06:30,2.0,INR 589,5 Seats available
Kalpetta (kerala) to Bangalore,https://www.redbus.in/bus-tickets/kalpetta-to-bangalore,KSRTC (Kerala) - 1584,Super Express Non AC Seater Air Bus (2+2),23:29,07h 09m,06:38,3.5,INR 548,32 Seats available
Kalpetta (kerala) to Bangalore,https://www.redbus.in/bus-tickets/kalpetta-to-bangalore,KSRTC (Kerala) - 50,Swift Deluxe Non AC Air Bus (2+2),23:51,06h 50m,06:41,4.4,INR 548,18 Seats available
Kalpetta (kerala) to Bangalore,https://www.redbus.in/bus-tickets/kalpetta-to-bangalore,MMK Travels,VE A/C Seater / Sleeper (2+1),23:45,06h 15m,06:00,4.5,INR 700,11 Seats available
Kalpetta (kerala) to Bangalore,https://www.redbus.in/bus-tickets/kalpetta-to-bangalore,DLT BUS,A/C Sleeper (2+1),23:45,06h 45m,06:30,4.1,INR 899,13 Seats available
Kalpetta (kerala) to Bangalore,https://www.redbus.in/bus-tickets/kalpetta-to-bangalore,Silver Line Travels,NON A/C Semi Sleeper (2+2),22:45,07h 00m,05:45,4.1,INR 599,22 Seats available
Kalpetta (kerala) to Bangalore,https://www.redbus.in/bus-tickets/kalpetta-to-bangalore,MMK Travels,VE A/C Seater / Sleeper (2+1),23:45,06h 15m,06:00,4.3,INR 700,11 Seats available
Kalpetta (kerala) to Bangalore,https://www.redbus.in/bus-tickets/kalpetta-to-bangalore,Suraj Holidays,VE A/C Sleeper (2+1),23:58,07h 17m,07:15,3.8,INR 850,10 Seats available
Kalpetta (kerala) to Bangalore,https://www.redbus.in/bus-tickets/kalpetta-to-bangalore,DA Transports,A/C Sleeper (2+1),23:50,06h 55m,06:45,4.0,INR 799,12 Seats available
Kalpetta (kerala) to Bangalore,https://www.redbus.in/bus-tickets/kalpetta-to-bangalore,DA Transports,A/C Sleeper (2+1),23:50,06h 55m,06:45,4.2,INR 799,12 Seats available
Kalpetta (kerala) to Bangalore,https://www.redbus.in/bus-tickets/kalpetta-to-bangalore,A1 Travels,Non A/C Seater / Sleeper (2+1),23:10,07h 20m,06:30,3.1,INR 550,28 Seats available
Kalpetta (kerala) to Bangalore,https://www.redbus.in/bus-tickets/kalpetta-to-bangalore,SKS Tourist Corporation (REGD),Non A/C Seater / Sleeper (2+1),23:45,05h 45m,05:30,4.7,INR 849,8 Seats available
Kalpetta (kerala) to Bangalore,https://www.redbus.in/bus-tickets/kalpetta-to-bangalore,DLT BUS,A/C Sleeper (2+1),23:59,06h 31m,06:30,3.8,INR 899,13 Seats available
Kalpetta (kerala) to Bangalore,https://www.redbus.in/bus-tickets/kalpetta-to-bangalore,Orange Tours And Travels,Bharat Benz A/C Sleeper (2+1),16:45,06h 45m,23:30,3.5,INR 1700,27 Seats available
Kalpetta (kerala) to Bangalore,https://www.redbus.in/bus-tickets/kalpetta-to-bangalore,SKS Tourist Corporation (REGD),A/C Sleeper (2+1),23:50,06h 40m,06:30,2.9,INR 899,7 Seats available
Kalpetta (kerala) to Bangalore,https://www.redbus.in/bus-tickets/kalpetta-to-bangalore,Suraj Holidays,VE A/C Sleeper (2+1),23:59,07h 16m,07:15,3.1,INR 850,10 Seats available
Kalpetta (kerala) to Bangalore,https://www.redbus.in/bus-tickets/kalpetta-to-bangalore,Orange Tours And Travels,Bharat Benz A/C Sleeper (2+1),16:30,07h 00m,23:30,2.0,INR 1800,28 Seats available
Kalpetta (kerala) to Bangalore,https://www.redbus.in/bus-tickets/kalpetta-to-bangalore,SKS Tourist Corporation (REGD),Non A/C Seater / Sleeper (2+1),23:45,05h 45m,05:30,2.9,INR 849,40 Seats available
Kalpetta (kerala) to Bangalore,https://www.redbus.in/bus-tickets/kalpetta-to-bangalore,P K Travels,A/C Seater / Sleeper (2+1),23:50,06h 10m,06:00,4.0,INR 850,30 Seats available
Kalpetta (kerala) to Bangalore,https://www.redbus.in/bus-tickets/kalpetta-to-bangalore,SKS Tourist Corporation (REGD),A/C Sleeper (2+1),23:55,06h 35m,06:30,3.2,INR 899,7 Seats available
Kalpetta (kerala) to Bangalore,https://www.redbus.in/bus-tickets/kalpetta-to-bangalore,A1 Travels,Bharat Benz A/C Seater /Sleeper (2+1),23:45,06h 45m,06:30,3.1,INR 750,28 Seats available
Kalpetta (kerala) to Bangalore,https://www.redbus.in/bus-tickets/kalpetta-to-bangalore,Kallada Travels (Suresh Kallada),A/C Sleeper (2+1),16:30,06h 40m,23:10,3.1,INR 1000,16 Seats available
Kalpetta (kerala) to Bangalore,https://www.redbus.in/bus-tickets/kalpetta-to-bangalore,Bharathi Travels,A/C Sleeper (2+1),17:00,06h 30m,23:30,1.6,INR 1290,14 Seats available
Kalpetta (kerala) to Bangalore,https://www.redbus.in/bus-tickets/kalpetta-to-bangalore,Bharathi Travels,A/C Sleeper (2+1),17:20,06h 10m,23:30,1.5,1190,14 Seats available
Kalpetta (kerala) to Bangalore,https://www.redbus.in/bus-tickets/kalpetta-to-bangalore,DA Transports,A/C Sleeper (2+1),00:00,07h 45m,07:45,4.1,INR 799,15 Seats available
Kalpetta (kerala) to Bangalore,https://www.redbus.in/bus-tickets/kalpetta-to-bangalore,Vijay Lines,A/C Seater / Sleeper (2+1),23:10,08h 00m,07:10,2.2,INR 455,26 Seats available
Kalpetta (kerala) to Bangalore,https://www.redbus.in/bus-tickets/kalpetta-to-bangalore,DA Transports,A/C Sleeper (2+1),00:00,07h 45m,07:45,3.7,INR 799,15 Seats available
Kalpetta (kerala) to Bangalore,https://www.redbus.in/bus-tickets/kalpetta-to-bangalore,A1 Travels,A/C Seater / Sleeper (2+1),22:30,07h 00m,05:30,3.1,INR 600,24 Seats available
Kalpetta (kerala) to Bangalore,https://www.redbus.in/bus-tickets/kalpetta-to-bangalore,KP Travels,A/C Sleeper (2+1),23:50,05h 30m,05:20,3.0,INR 1999,2 Seats available
Kozhikode to Thrissur,https://www.redbus.in/bus-tickets/kozhikode-to-thrissur,KSRTC (Kerala) - 323,Super Fast Non AC Seater (2+3),17:25,03h 20m,20:45,3.2,INR 181,17 Seats available
Kozhikode to Thrissur,https://www.redbus.in/bus-tickets/kozhikode-to-thrissur,KSRTC (Kerala) - 1862,Low Floor AC Seater 2+2,17:30,03h 30m,21:00,3.1,INR 253,1 Seat available
Kozhikode to Thrissur,https://www.redbus.in/bus-tickets/kozhikode-to-thrissur,KSRTC (Kerala) - 503,Super Express Non AC Seater Air Bus (2+2),17:42,02h 58m,20:40,3.2,INR 216,7 Seats available
Kozhikode to Thrissur,https://www.redbus.in/bus-tickets/kozhikode-to-thrissur,KSRTC (Kerala) - 2900,Low Floor AC Seater 2+2,18:00,03h 20m,21:20,3.2,INR 253,14 Seats available
Kozhikode to Thrissur,https://www.redbus.in/bus-tickets/kozhikode-to-thrissur,KSRTC (Kerala) - 556,Super Express Non AC Seater Air Bus (2+2),18:00,02h 50m,20:50,3.2,INR 216,3 Seats available
Kozhikode to Thrissur,https://www.redbus.in/bus-tickets/kozhikode-to-thrissur,KSRTC (Kerala) - 48,Swift Deluxe Non AC Air Bus (2+2),19:00,02h 35m,21:35,3.2,INR 216,1 Seat available
Kozhikode to Thrissur,https://www.redbus.in/bus-tickets/kozhikode-to-thrissur,KSRTC (Kerala) - 2372,Low Floor AC Seater 2+2,19:30,02h 35m,22:05,1.4,INR 253,10 Seats available
Kozhikode to Thrissur,https://www.redbus.in/bus-tickets/kozhikode-to-thrissur,KSRTC (Kerala) - 1956,Super Fast Non AC Seater (2+3),20:00,03h 30m,23:30,3.2,INR 181,5 Seats available
Kozhikode to Thrissur,https://www.redbus.in/bus-tickets/kozhikode-to-thrissur,KSRTC (Kerala) - 46,Swift Deluxe Non AC Air Bus (2+2),20:25,02h 35m,23:00,3.7,INR 216,1 Seat available
Kozhikode to Thrissur,https://www.redbus.in/bus-tickets/kozhikode-to-thrissur,KSRTC (Kerala) - 1506,Super Fast Non AC Seater (2+3),20:30,03h 45m,00:15,3.2,INR 181,47 Seats available
Kozhikode to Thrissur,https://www.redbus.in/bus-tickets/kozhikode-to-thrissur,KSRTC (Kerala) - 2393,Low Floor AC Seater 2+2,20:30,03h 05m,23:35,3.2,INR 253,5 Seats available
Kozhikode to Thrissur,https://www.redbus.in/bus-tickets/kozhikode-to-thrissur,KSRTC (Kerala) - 2206,Super Express Non AC Seater Air Bus (2+2),20:34,02h 55m,23:29,3.2,INR 216,2 Seats available
Kozhikode to Thrissur,https://www.redbus.in/bus-tickets/kozhikode-to-thrissur,KSRTC (Kerala) - 424,Super Fast Non AC Seater (2+3),20:45,03h 45m,00:30,3.2,INR 181,2 Seats available
Kozhikode to Thrissur,https://www.redbus.in/bus-tickets/kozhikode-to-thrissur,KSRTC (Kerala) - 567,Super Express Non AC Seater Air Bus (2+2),20:45,03h 45m,00:30,3.2,INR 201,14 Seats available
Kozhikode to Thrissur,https://www.redbus.in/bus-tickets/kozhikode-to-thrissur,KSRTC (Kerala) - 1378,AC MULTI AXLE,20:50,03h 24m,00:14,3.2,INR 340,47 Seats available
Kozhikode to Thrissur,https://www.redbus.in/bus-tickets/kozhikode-to-thrissur,KSRTC (Kerala) - 827,Super Fast Non AC Seater (2+3),21:00,03h 30m,00:30,3.2,INR 181,23 Seats available
Kozhikode to Thrissur,https://www.redbus.in/bus-tickets/kozhikode-to-thrissur,KSRTC (Kerala) - 815,Super Fast Non AC Seater (2+3),21:10,03h 45m,00:55,3.2,INR 181,9 Seats available
Kozhikode to Thrissur,https://www.redbus.in/bus-tickets/kozhikode-to-thrissur,KSRTC (Kerala) - 531,Super Express Non AC Seater Air Bus (2+2),21:15,02h 25m,23:40,3.2,INR 216,6 Seats available
Kozhikode to Thrissur,https://www.redbus.in/bus-tickets/kozhikode-to-thrissur,KSRTC (Kerala) - 1880,Low Floor AC Seater 2+2,21:30,03h 05m,00:35,3.7,INR 253,4 Seats available
Kozhikode to Thrissur,https://www.redbus.in/bus-tickets/kozhikode-to-thrissur,KSRTC (Kerala) - 344,Super Fast Non AC Seater (2+3),21:45,03h 20m,01:05,3.2,INR 181,30 Seats available
Kozhikode to Thrissur,https://www.redbus.in/bus-tickets/kozhikode-to-thrissur,KSRTC (Kerala) - 44,Swift Deluxe Non AC Air Bus (2+2),21:50,02h 50m,00:40,3.2,INR 216,1 Seat available
Kozhikode to Thrissur,https://www.redbus.in/bus-tickets/kozhikode-to-thrissur,KSRTC (Kerala) - 1212,AC MULTI AXLE,22:00,02h 30m,00:30,3.2,INR 340,45 Seats available
Kozhikode to Thrissur,https://www.redbus.in/bus-tickets/kozhikode-to-thrissur,KSRTC (Kerala) - 1100,AC MULTI AXLE,22:05,02h 45m,00:50,3.2,INR 340,6 Seats available
Kozhikode to Thrissur,https://www.redbus.in/bus-tickets/kozhikode-to-thrissur,KSRTC (Kerala) - 409,Super Express Non AC Seater Air Bus (2+2),22:15,02h 30m,00:45,3.2,INR 216,3 Seats available
Kozhikode to Thrissur,https://www.redbus.in/bus-tickets/kozhikode-to-thrissur,KSRTC (Kerala) - 370,AC MULTI AXLE,22:20,03h 00m,01:20,3.2,INR 340,1 Seat available
Kozhikode to Thrissur,https://www.redbus.in/bus-tickets/kozhikode-to-thrissur,KSRTC (Kerala) - 2743,Super Express Non AC Seater Air Bus (2+2),22:20,02h 55m,01:15,3.2,INR 216,3 Seats available
Kozhikode to Thrissur,https://www.redbus.in/bus-tickets/kozhikode-to-thrissur,KSRTC (Kerala) - 666,Super Fast Non AC Seater (2+3),22:25,03h 30m,01:55,3.2,INR 181,27 Seats available
Kozhikode to Thrissur,https://www.redbus.in/bus-tickets/kozhikode-to-thrissur,KSRTC (Kerala) - 1841,Low Floor AC Seater 2+2,22:30,03h 10m,01:40,3.2,INR 253,1 Seat available
Kozhikode to Thrissur,https://www.redbus.in/bus-tickets/kozhikode-to-thrissur,KSRTC (Kerala) - 2724,Super Fast Non AC Seater (2+3),22:30,03h 30m,02:00,3.2,INR 174,18 Seats available
Kozhikode to Thrissur,https://www.redbus.in/bus-tickets/kozhikode-to-thrissur,KSRTC (Kerala) - 781,Super Fast Non AC Seater (2+3),22:45,03h 25m,02:10,3.2,INR 181,4 Seats available
Kozhikode to Thrissur,https://www.redbus.in/bus-tickets/kozhikode-to-thrissur,KSRTC (Kerala) - 586,Super Express Non AC Seater Air Bus (2+2),22:50,03h 15m,02:05,3.2,INR 201,2 Seats available
Kozhikode to Thrissur,https://www.redbus.in/bus-tickets/kozhikode-to-thrissur,KSRTC (Kerala) - 129,SWIFT-GARUDA A/C SEATER BUS,22:50,02h 15m,01:05,3.2,INR 227,34 Seats available
Kozhikode to Thrissur,https://www.redbus.in/bus-tickets/kozhikode-to-thrissur,KSRTC (Kerala) - 128,Super Deluxe Non AC Seater Air Bus (2+2),22:55,02h 40m,01:35,3.2,INR 216,5 Seats available
Kozhikode to Thrissur,https://www.redbus.in/bus-tickets/kozhikode-to-thrissur,KSRTC (Kerala) - 798,Super Fast Non AC Seater (2+3),23:00,03h 10m,02:10,3.2,INR 181,49 Seats available
Kozhikode to Thrissur,https://www.redbus.in/bus-tickets/kozhikode-to-thrissur,KSRTC (Kerala) - 1011,Super Fast Non AC Seater (2+3),23:00,03h 25m,02:25,3.2,INR 174,6 Seats available
Kozhikode to Thrissur,https://www.redbus.in/bus-tickets/kozhikode-to-thrissur,KSRTC (Kerala) - 279,Super Fast Non AC Seater (2+3),23:05,03h 45m,02:50,3.2,INR 181,15 Seats available
Kozhikode to Thrissur,https://www.redbus.in/bus-tickets/kozhikode-to-thrissur,KSRTC (Kerala) - 314,Super Fast Non AC Seater (2+3),23:15,03h 30m,02:45,3.2,INR 181,12 Seats available
Kozhikode to Thrissur,https://www.redbus.in/bus-tickets/kozhikode-to-thrissur,KSRTC (Kerala) - 2784,Super Express Non AC Seater Air Bus (2+2),23:20,03h 00m,02:20,3.2,INR 201,1 Seat available
Kozhikode to Thrissur,https://www.redbus.in/bus-tickets/kozhikode-to-thrissur,KSRTC (Kerala) - 673,Super Fast Non AC Seater (2+3),23:25,03h 15m,02:40,3.2,INR 181,9 Seats available
Kozhikode to Thrissur,https://www.redbus.in/bus-tickets/kozhikode-to-thrissur,KSRTC (Kerala) - 1843,Low Floor AC Seater 2+2,23:30,03h 05m,02:35,3.2,INR 253,6 Seats available
Kozhikode to Thrissur,https://www.redbus.in/bus-tickets/kozhikode-to-thrissur,KSRTC (Kerala) - 1963,Super Fast Non AC Seater (2+3),23:45,03h 20m,03:05,3.2,INR 181,16 Seats available
Kozhikode to Thrissur,https://www.redbus.in/bus-tickets/kozhikode-to-thrissur,UFO Bus,A/C Sleeper (2+1),19:20,0-16h 0-45m,03:35,3.9,800,15 Seats available
Kozhikode to Thrissur,https://www.redbus.in/bus-tickets/kozhikode-to-thrissur,EMERALD TRAVELS,Bharat Benz A/C Semi Sleeper (2+2),21:55,02h 35m,00:30,3.1,INR 900,16 Seats available
Kozhikode to Thrissur,https://www.redbus.in/bus-tickets/kozhikode-to-thrissur,BLM Transports,A/C Sleeper (2+1),22:00,03h 00m,01:00,3.9,903,7 Seats available
Kozhikode to Thrissur,https://www.redbus.in/bus-tickets/kozhikode-to-thrissur,KP Travels,NON AC Mini Bus (2+2),22:00,02h 55m,00:55,3.0,INR 1200,1 Seat available
Kozhikode to Thrissur,https://www.redbus.in/bus-tickets/kozhikode-to-thrissur,EMERALD TRAVELS,A/C Semi Sleeper (2+2),23:00,01h 35m,00:35,3.1,INR 999,8 Seats available
Kozhikode to Thrissur,https://www.redbus.in/bus-tickets/kozhikode-to-thrissur,Kallada Travels (Suresh Kallada),A/C Sleeper (2+1),23:15,02h 25m,01:40,3.1,INR 850,2 Seats available
Kozhikode to Thrissur,https://www.redbus.in/bus-tickets/kozhikode-to-thrissur,A1 Travels,Bharat Benz A/C Sleeper (2+1),23:30,02h 00m,01:30,3.2,INR 900,26 Seats available
Kozhikode to Thrissur,https://www.redbus.in/bus-tickets/kozhikode-to-thrissur,UFO Bus,Volvo A/C Semi Sleeper (2+2),23:45,03h 45m,03:30,4.0,630,27 Seats available
Kozhikode to Thrissur,https://www.redbus.in/bus-tickets/kozhikode-to-thrissur,Surya Connect,Volvo A/C Semi Sleeper (2+2),23:55,03h 40m,03:35,4.3,INR 630,13 Seats available
Kozhikode to Thrissur,https://www.redbus.in/bus-tickets/kozhikode-to-thrissur,UFO Bus,Volvo Multi-Axle B9R A/c Semi Sleeper (2+2),23:55,03h 35m,03:30,3.9,630,1 Seat available
Kozhikode to Thrissur,https://www.redbus.in/bus-tickets/kozhikode-to-thrissur,Cochin Express,A/C Seater Push Back (2+2),23:55,03h 40m,03:35,4.1,INR 700,41 Seats available
Kozhikode to Thrissur,https://www.redbus.in/bus-tickets/kozhikode-to-thrissur,Arya Travels,A/C Sleeper (2+1),23:58,03h 32m,03:30,3.2,INR 795,2 Seats available
Kozhikode to Thrissur,https://www.redbus.in/bus-tickets/kozhikode-to-thrissur,Arya Travels,A/C Sleeper (2+1),23:59,03h 16m,03:15,3.2,INR 799,17 Seats available
Kozhikode to Thrissur,https://www.redbus.in/bus-tickets/kozhikode-to-thrissur,Arya Travels,A/C Semi Sleeper (2+2),23:59,03h 16m,03:15,3.2,INR 595,12 Seats available
Kozhikode to Thrissur,https://www.redbus.in/bus-tickets/kozhikode-to-thrissur,Kalpaka Travels 1,A/C Semi Sleeper (2+2),23:59,03h 41m,03:40,4.0,INR 600,40 Seats available
Kozhikode to Thrissur,https://www.redbus.in/bus-tickets/kozhikode-to-thrissur,Cochin Express,A/C Sleeper (2+1),23:59,03h 31m,03:30,4.1,INR 850,2 Seats available
Kozhikode to Thrissur,https://www.redbus.in/bus-tickets/kozhikode-to-thrissur,Kalpaka Travels 1,A/C Sleeper (2+1),23:59,03h 46m,03:45,4.0,INR 800,30 Seats available
Kozhikode to Thrissur,https://www.redbus.in/bus-tickets/kozhikode-to-thrissur,Arya Travels,A/C Sleeper (2+1),23:59,03h 16m,03:15,3.2,INR 795,9 Seats available
Kozhikode to Thrissur,https://www.redbus.in/bus-tickets/kozhikode-to-thrissur,Galaxy Tours,2+1 Air Suspension A/C Seater / Sleeper,21:45,03h 00m,00:45,2.8,INR 600,3 Seats available
Kozhikode to Thrissur,https://www.redbus.in/bus-tickets/kozhikode-to-thrissur,EMERALD TRAVELS,Bharat Benz A/C Semi Sleeper (2+2),23:00,01h 35m,00:35,0,INR 1200,29 Seats available
Thiruvananthapuram to Kozhikode,https://www.redbus.in/bus-tickets/thiruvananthapuram-to-kozhikode,KSRTC (Kerala) - 43,Swift Deluxe Non AC Air Bus (2+2),17:40,09h 41m,03:21,3.0,INR 586,2 Seats available
Thiruvananthapuram to Kozhikode,https://www.redbus.in/bus-tickets/thiruvananthapuram-to-kozhikode,KSRTC (Kerala) - 1845,Low Floor AC Seater 2+2,18:00,10h 10m,04:10,3.0,INR 742,13 Seats available
Thiruvananthapuram to Kozhikode,https://www.redbus.in/bus-tickets/thiruvananthapuram-to-kozhikode,KSRTC (Kerala) - 2364,Low Floor AC Seater 2+2,19:00,10h 10m,05:10,3.0,INR 723,5 Seats available
Thiruvananthapuram to Kozhikode,https://www.redbus.in/bus-tickets/thiruvananthapuram-to-kozhikode,KSRTC (Kerala) - 2894,Low Floor AC Seater 2+2,20:01,10h 25m,06:26,3.0,INR 822,7 Seats available
Thiruvananthapuram to Kozhikode,https://www.redbus.in/bus-tickets/thiruvananthapuram-to-kozhikode,KSRTC (Kerala) - 1855,Low Floor AC Seater 2+2,21:00,10h 00m,07:00,2.2,INR 723,4 Seats available
Thiruvananthapuram to Kozhikode,https://www.redbus.in/bus-tickets/thiruvananthapuram-to-kozhikode,KSRTC (Kerala) - 1858,Low Floor AC Seater 2+2,22:00,09h 50m,07:50,2.4,INR 742,9 Seats available
Thiruvananthapuram to Kozhikode,https://www.redbus.in/bus-tickets/thiruvananthapuram-to-kozhikode,KSRTC (Kerala) - 325,Super Fast Non AC Seater (2+3),22:05,10h 30m,08:35,4.1,INR 515,20 Seats available
Thiruvananthapuram to Kozhikode,https://www.redbus.in/bus-tickets/thiruvananthapuram-to-kozhikode,KSRTC (Kerala) - 2026,Super Express Non AC Seater Air Bus (2+2),22:35,09h 27m,08:02,3.0,INR 565,5 Seats available
Thiruvananthapuram to Kozhikode,https://www.redbus.in/bus-tickets/thiruvananthapuram-to-kozhikode,KSRTC (Kerala) - 2366,Low Floor AC Seater 2+2,23:00,10h 15m,09:15,3.0,INR 723,14 Seats available
Thiruvananthapuram to Kozhikode,https://www.redbus.in/bus-tickets/thiruvananthapuram-to-kozhikode,KSRTC (Kerala) - 500,Super Express Non AC Seater Air Bus (2+2),23:45,07h 40m,07:25,3.0,INR 586,11 Seats available
Thiruvananthapuram to Kozhikode,https://www.redbus.in/bus-tickets/thiruvananthapuram-to-kozhikode,BLM Transports,A/C Sleeper (2+1),20:15,08h 45m,05:00,4.4,903,13 Seats available
Thiruvananthapuram to Kozhikode,https://www.redbus.in/bus-tickets/thiruvananthapuram-to-kozhikode,Madhavi Travels,A/C Sleeper (2+1),19:50,08h 40m,04:30,4.4,1499,1 Seat available
Thiruvananthapuram to Kozhikode,https://www.redbus.in/bus-tickets/thiruvananthapuram-to-kozhikode,LIYAS TOURS,Bharat Benz A/C Sleeper (2+1),16:45,10h 55m,03:40,4.6,1099,9 Seats available
Thiruvananthapuram to Kozhikode,https://www.redbus.in/bus-tickets/thiruvananthapuram-to-kozhikode,A1 Travels,Bharat Benz A/C Seater /Sleeper (2+1),20:30,08h 30m,05:00,2.6,INR 750,9 Seats available
Thiruvananthapuram to Kozhikode,https://www.redbus.in/bus-tickets/thiruvananthapuram-to-kozhikode,A1 Travels,Bharat Benz A/C Sleeper (2+1),19:00,09h 00m,04:00,2.6,INR 900,16 Seats available
Thiruvananthapuram to Kozhikode,https://www.redbus.in/bus-tickets/thiruvananthapuram-to-kozhikode,Madhavi Travels,Volvo A/C Semi Sleeper (2+2),20:40,07h 50m,04:30,4.2,999,18 Seats available
Thiruvananthapuram to Kozhikode,https://www.redbus.in/bus-tickets/thiruvananthapuram-to-kozhikode,A1 Travels,NON A/C Semi Sleeper (2+2),21:00,09h 30m,06:30,3.6,INR 600,11 Seats available
Thiruvananthapuram to Kozhikode,https://www.redbus.in/bus-tickets/thiruvananthapuram-to-kozhikode,A1 Travels,A/C Seater / Sleeper (2+1),21:35,09h 25m,07:00,3.4,INR 700,17 Seats available
Thiruvananthapuram to Kozhikode,https://www.redbus.in/bus-tickets/thiruvananthapuram-to-kozhikode,A1 Travels,Bharat Benz A/C Seater /Sleeper (2+1),20:15,09h 15m,05:30,2.9,INR 700,9 Seats available
Thiruvananthapuram to Kozhikode,https://www.redbus.in/bus-tickets/thiruvananthapuram-to-kozhikode,Kallada Travels (Suresh Kallada),A/C Sleeper (2+1),16:30,11h 21m,03:51,2.8,INR 1250,7 Seats available
Thiruvananthapuram to Kozhikode,https://www.redbus.in/bus-tickets/thiruvananthapuram-to-kozhikode,A1 Travels,Bharat Benz A/C Semi Sleeper (2+2),21:15,09h 00m,06:15,3.2,INR 700,40 Seats available
Thiruvananthapuram to Kozhikode,https://www.redbus.in/bus-tickets/thiruvananthapuram-to-kozhikode,EMERALD TRAVELS,A/C Sleeper (2+1),19:30,09h 00m,04:30,1.9,INR 1100,11 Seats available
Bangalore to Kannur,https://www.redbus.in/bus-tickets/bangalore-to-kannur,KSRTC (Kerala) - 136,Swift Deluxe Non AC Air Bus (2+2),20:30,07h 55m,04:25,3.7,INR 568,24 Seats available
Bangalore to Kannur,https://www.redbus.in/bus-tickets/bangalore-to-kannur,KSRTC (Kerala) - 101,Swift Deluxe Non AC Air Bus (2+2),21:16,06h 49m,04:05,4.2,INR 548,25 Seats available
Bangalore to Kannur,https://www.redbus.in/bus-tickets/bangalore-to-kannur,KSRTC (Kerala) - 1767,Super Express Non AC Seater Air Bus (2+2),23:01,07h 45m,06:46,3.7,INR 568,3 Seats available
Bangalore to Kannur,https://www.redbus.in/bus-tickets/bangalore-to-kannur,MMK Travels,A/C Sleeper (2+1),22:15,07h 15m,05:30,4.5,INR 900,11 Seats available
Bangalore to Kannur,https://www.redbus.in/bus-tickets/bangalore-to-kannur,GOLDEN TRAVEL AGENCIES,Volvo A/C Semi Sleeper (2+2),22:45,06h 00m,04:45,4.5,INR 1000,4 Seats available
Bangalore to Kannur,https://www.redbus.in/bus-tickets/bangalore-to-kannur,NS Transports,A/C Sleeper (2+1),22:15,07h 20m,05:35,4.4,INR 949,12 Seats available
Bangalore to Kannur,https://www.redbus.in/bus-tickets/bangalore-to-kannur,AdSAAM BUS,VE A/C Sleeper (2+1),20:10,08h 35m,04:45,4.3,INR 840,17 Seats available
Bangalore to Kannur,https://www.redbus.in/bus-tickets/bangalore-to-kannur,GOLDEN TRAVEL AGENCIES,NON A/C Sleeper (2+1),22:30,06h 15m,04:45,4.3,INR 799,15 Seats available
Bangalore to Kannur,https://www.redbus.in/bus-tickets/bangalore-to-kannur,Kalpaka Travels,A/C Sleeper (2+1),22:10,06h 50m,05:00,4.2,INR 1000,15 Seats available
Bangalore to Kannur,https://www.redbus.in/bus-tickets/bangalore-to-kannur,GOLDEN TRAVEL AGENCIES,A/C Sleeper (2+1),21:45,07h 40m,05:25,4.2,INR 949,15 Seats available
Bangalore to Kannur,https://www.redbus.in/bus-tickets/bangalore-to-kannur,AdP K Travels,NON A/C Semi Sleeper (2+2),21:45,07h 15m,05:00,3.9,INR 700,23 Seats available
Bangalore to Kannur,https://www.redbus.in/bus-tickets/bangalore-to-kannur,NS Transports,Non A/C Seater / Sleeper (2+1),22:00,08h 00m,06:00,3.9,INR 700,9 Seats available
Bangalore to Kannur,https://www.redbus.in/bus-tickets/bangalore-to-kannur,Ashoka Travel and Logistics,A/C Sleeper (2+1),21:45,07h 45m,05:30,4.3,900,7 Seats available
Bangalore to Kannur,https://www.redbus.in/bus-tickets/bangalore-to-kannur,Ashoka Travel and Logistics,A/C Semi Sleeper (2+2),22:30,07h 15m,05:45,3.8,800,8 Seats available
Bangalore to Kannur,https://www.redbus.in/bus-tickets/bangalore-to-kannur,Kalpaka Travels,NON A/C Seater/ Sleeper (2+1),21:45,07h 35m,05:20,4.0,INR 700,21 Seats available
Bangalore to Kannur,https://www.redbus.in/bus-tickets/bangalore-to-kannur,NS Transports,NON A/C Sleeper (2+1),22:45,06h 35m,05:20,4.1,INR 799,4 Seats available
Bangalore to Kannur,https://www.redbus.in/bus-tickets/bangalore-to-kannur,GOLDEN TRAVEL AGENCIES,Non AC Seater (2+2),22:15,06h 45m,05:00,3.5,INR 699,26 Seats available
Bangalore to Kannur,https://www.redbus.in/bus-tickets/bangalore-to-kannur,National travels and logistics,Non A/C Seater / Sleeper (2+1),22:40,07h 05m,05:45,3.3,INR 699,17 Seats available
Bangalore to Kannur,https://www.redbus.in/bus-tickets/bangalore-to-kannur,Kalpaka Travels,NON A/C Seater/ Sleeper (2+1),22:00,07h 40m,05:40,3.2,INR 700,27 Seats available
Bangalore to Kannur,https://www.redbus.in/bus-tickets/bangalore-to-kannur,Kalpaka Travels,NON A/C Seater/ Sleeper (2+1),22:00,07h 00m,05:00,4.2,INR 700,16 Seats available
Bangalore to Kannur,https://www.redbus.in/bus-tickets/bangalore-to-kannur,P K Travels,A/C Sleeper (2+1),22:15,07h 15m,05:30,3.2,INR 900,15 Seats available
Bangalore to Kannur,https://www.redbus.in/bus-tickets/bangalore-to-kannur,Arya Travels,NON A/C Semi Sleeper (2+2),21:55,07h 05m,05:00,3.5,INR 699,22 Seats available
Bangalore to Kannur,https://www.redbus.in/bus-tickets/bangalore-to-kannur,Arya Travels,A/C Sleeper (2+1),19:45,09h 25m,05:10,3.2,INR 895,4 Seats available
Bangalore to Kannur,https://www.redbus.in/bus-tickets/bangalore-to-kannur,Kalpaka Travels,NON A/C Semi Sleeper (2+2),21:30,08h 15m,05:45,3.4,INR 700,32 Seats available
Bangalore to Kannur,https://www.redbus.in/bus-tickets/bangalore-to-kannur,Arya Travels,A/C Sleeper (2+1),21:40,07h 50m,05:30,3.2,INR 795,5 Seats available
Kozhikode to Kottayam,https://www.redbus.in/bus-tickets/kozhikode-to-kottayam,KSRTC (Kerala) - 1862,Low Floor AC Seater 2+2,17:30,06h 55m,00:25,2.1,INR 475,1 Seat available
Kozhikode to Kottayam,https://www.redbus.in/bus-tickets/kozhikode-to-kottayam,KSRTC (Kerala) - 2372,Low Floor AC Seater 2+2,19:30,05h 40m,01:10,2.7,INR 475,3 Seats available
Kozhikode to Kottayam,https://www.redbus.in/bus-tickets/kozhikode-to-kottayam,KSRTC (Kerala) - 1880,Low Floor AC Seater 2+2,21:30,06h 35m,04:05,2.7,INR 475,1 Seat available
Kozhikode to Kottayam,https://www.redbus.in/bus-tickets/kozhikode-to-kottayam,KSRTC (Kerala) - 1277,Super Express Non AC Seater Air Bus (2+2),21:50,05h 40m,03:30,2.7,INR 381,21 Seats available
Kozhikode to Kottayam,https://www.redbus.in/bus-tickets/kozhikode-to-kottayam,KSRTC (Kerala) - 1100,AC MULTI AXLE,22:05,05h 20m,03:25,2.7,INR 606,1 Seat available
Kozhikode to Kottayam,https://www.redbus.in/bus-tickets/kozhikode-to-kottayam,KSRTC (Kerala) - 128,Super Deluxe Non AC Seater Air Bus (2+2),22:55,05h 15m,04:10,2.8,INR 381,1 Seat available
Kozhikode to Kottayam,https://www.redbus.in/bus-tickets/kozhikode-to-kottayam,KSRTC (Kerala) - 673,Super Fast Non AC Seater (2+3),23:25,06h 30m,05:55,4.3,INR 332,2 Seats available
Kozhikode to Kottayam,https://www.redbus.in/bus-tickets/kozhikode-to-kottayam,Sonia Travels,A/C Semi Sleeper (2+2),23:45,06h 40m,06:25,3.2,INR 700,5 Seats available
Kozhikode to Kottayam,https://www.redbus.in/bus-tickets/kozhikode-to-kottayam,EMERALD TRAVELS,Bharat Benz A/C Semi Sleeper (2+2),21:55,05h 35m,03:30,4.3,INR 900,16 Seats available
Kozhikode to Kottayam,https://www.redbus.in/bus-tickets/kozhikode-to-kottayam,Sonia Travels,A/C Seater/Sleeper (2+1),23:30,06h 45m,06:15,0,INR 750,1 Seat available
Kannur to Bangalore,https://www.redbus.in/bus-tickets/kannur-to-bangalore,KSRTC (Kerala) - 100,Swift Deluxe Non AC Air Bus (2+2),19:03,07h 18m,02:21,4.7,INR 548,31 Seats available
Kannur to Bangalore,https://www.redbus.in/bus-tickets/kannur-to-bangalore,KSRTC (Kerala) - 1766,Super Express Non AC Seater Air Bus (2+2),20:16,08h 25m,04:41,4.2,INR 568,19 Seats available
Kannur to Bangalore,https://www.redbus.in/bus-tickets/kannur-to-bangalore,KSRTC (Kerala) - 133,Swift Deluxe Non AC Air Bus (2+2),21:00,08h 15m,05:15,4.1,INR 568,13 Seats available
Kannur to Bangalore,https://www.redbus.in/bus-tickets/kannur-to-bangalore,KSRTC (Kerala) - 99,Swift Deluxe Non AC Air Bus (2+2),21:30,08h 30m,06:00,4.3,INR 579,14 Seats available
Kannur to Bangalore,https://www.redbus.in/bus-tickets/kannur-to-bangalore,NS Transports,A/C Sleeper (2+1),21:15,08h 15m,05:30,4.5,INR 949,12 Seats available
Kannur to Bangalore,https://www.redbus.in/bus-tickets/kannur-to-bangalore,MMK Travels,A/C Sleeper (2+1),21:30,08h 30m,06:00,4.5,INR 900,8 Seats available
Kannur to Bangalore,https://www.redbus.in/bus-tickets/kannur-to-bangalore,Ashoka Travel and Logistics,A/C Sleeper (2+1),21:15,08h 15m,05:30,4.5,INR 1100,1 Seat available
Kannur to Bangalore,https://www.redbus.in/bus-tickets/kannur-to-bangalore,AdKalpaka Travels 1,NON A/C Seater/ Sleeper (2+1),21:00,08h 00m,05:00,3.8,INR 800,25 Seats available
Kannur to Bangalore,https://www.redbus.in/bus-tickets/kannur-to-bangalore,NS Transports,NON A/C Sleeper (2+1),21:45,08h 00m,05:45,4.1,INR 799,9 Seats available
Kannur to Bangalore,https://www.redbus.in/bus-tickets/kannur-to-bangalore,Kalpaka Travels 1,A/C Sleeper (2+1),21:45,07h 15m,05:00,4.1,INR 1100,7 Seats available
Kannur to Bangalore,https://www.redbus.in/bus-tickets/kannur-to-bangalore,NS Transports,Non A/C Seater / Sleeper (2+1),20:30,08h 50m,05:20,4.0,INR 749,4 Seats available
Kannur to Bangalore,https://www.redbus.in/bus-tickets/kannur-to-bangalore,AdKalpaka Travels 1,NON A/C Seater/ Sleeper (2+1),21:15,07h 45m,05:00,3.5,INR 800,22 Seats available
Kannur to Bangalore,https://www.redbus.in/bus-tickets/kannur-to-bangalore,Ashoka Travel and Logistics,A/C Semi Sleeper (2+2),21:00,08h 15m,05:15,3.9,INR 900,25 Seats available
Kannur to Bangalore,https://www.redbus.in/bus-tickets/kannur-to-bangalore,Sugama Tourist,A/C Sleeper (2+1),22:00,07h 30m,05:30,3.7,INR 900,14 Seats available
Kannur to Bangalore,https://www.redbus.in/bus-tickets/kannur-to-bangalore,Golden Travels,Volvo A/C Semi Sleeper (2+2),21:45,07h 05m,04:50,4.9,INR 899,12 Seats available
Kannur to Bangalore,https://www.redbus.in/bus-tickets/kannur-to-bangalore,Arya Travels,A/C Sleeper (2+1),21:25,08h 05m,05:30,3.1,INR 895,6 Seats available
Kannur to Bangalore,https://www.redbus.in/bus-tickets/kannur-to-bangalore,SAAM BUS,VE A/C Sleeper (2+1),22:00,08h 00m,06:00,3.6,INR 850,15 Seats available
Kannur to Bangalore,https://www.redbus.in/bus-tickets/kannur-to-bangalore,National travels and logistics,Non A/C Seater / Sleeper (2+1),21:15,08h 15m,05:30,3.3,INR 649,16 Seats available
Kannur to Bangalore,https://www.redbus.in/bus-tickets/kannur-to-bangalore,Kalpaka Travels 1,NON A/C Seater/ Sleeper (2+1),21:30,07h 30m,05:00,4.4,INR 800,23 Seats available
Kannur to Bangalore,https://www.redbus.in/bus-tickets/kannur-to-bangalore,P K Travels,NON A/C Semi Sleeper (2+2),20:30,09h 45m,06:15,3.5,INR 750,21 Seats available
Kannur to Bangalore,https://www.redbus.in/bus-tickets/kannur-to-bangalore,Golden Travels,NON A/C Semi Sleeper (2+2),21:15,07h 45m,05:00,4.3,INR 749,16 Seats available
Kannur to Bangalore,https://www.redbus.in/bus-tickets/kannur-to-bangalore,Ashoka Travel and Logistics,NON A/C Semi Sleeper (2+2),21:30,07h 30m,05:00,3.6,INR 800,28 Seats available
Kannur to Bangalore,https://www.redbus.in/bus-tickets/kannur-to-bangalore,Golden Travels,NON A/C Sleeper (2+1),21:30,07h 30m,05:00,3.7,INR 799,15 Seats available
Kannur to Bangalore,https://www.redbus.in/bus-tickets/kannur-to-bangalore,Golden Travels,A/C Sleeper (2+1),21:45,07h 25m,05:10,3.8,INR 899,6 Seats available
Kannur to Bangalore,https://www.redbus.in/bus-tickets/kannur-to-bangalore,P K Travels,A/C Sleeper (2+1),21:00,08h 00m,05:00,2.6,INR 950,20 Seats available
Kannur to Bangalore,https://www.redbus.in/bus-tickets/kannur-to-bangalore,Kalpaka Travels 1,NON A/C Semi Sleeper (2+2),20:45,08h 15m,05:00,3.0,INR 800,8 Seats available
Kottayam to Kozhikode,https://www.redbus.in/bus-tickets/kottayam-to-kozhikode,KSRTC (Kerala) - 561,Super Express Non AC Seater Air Bus (2+2),18:00,07h 55m,01:55,3.4,INR 360,19 Seats available
Kottayam to Kozhikode,https://www.redbus.in/bus-tickets/kottayam-to-kozhikode,KSRTC (Kerala) - 125,Super Deluxe Non AC Seater Air Bus (2+2),18:05,05h 30m,23:35,3.4,INR 381,12 Seats available
Kottayam to Kozhikode,https://www.redbus.in/bus-tickets/kottayam-to-kozhikode,KSRTC (Kerala) - 475,Super Express Non AC Seater Air Bus (2+2),18:45,05h 50m,00:35,3.4,INR 381,11 Seats available
Kottayam to Kozhikode,https://www.redbus.in/bus-tickets/kottayam-to-kozhikode,KSRTC (Kerala) - 559,Super Express Non AC Seater Air Bus (2+2),19:46,06h 24m,02:10,3.4,INR 381,10 Seats available
Kottayam to Kozhikode,https://www.redbus.in/bus-tickets/kottayam-to-kozhikode,KSRTC (Kerala) - 1028,Super Fast Non AC Seater (2+3),20:10,07h 20m,03:30,3.4,INR 355,16 Seats available
Kottayam to Kozhikode,https://www.redbus.in/bus-tickets/kottayam-to-kozhikode,KSRTC (Kerala) - 2071,Super Express Non AC Seater Air Bus (2+2),20:30,06h 00m,02:30,3.4,INR 350,4 Seats available
Kottayam to Kozhikode,https://www.redbus.in/bus-tickets/kottayam-to-kozhikode,KSRTC (Kerala) - 1842,Low Floor AC Seater 2+2,20:55,06h 15m,03:10,4.4,INR 475,19 Seats available
Kottayam to Kozhikode,https://www.redbus.in/bus-tickets/kottayam-to-kozhikode,KSRTC (Kerala) - 847,Super Fast Non AC Seater (2+3),21:15,06h 30m,03:45,3.4,INR 332,42 Seats available
Kottayam to Kozhikode,https://www.redbus.in/bus-tickets/kottayam-to-kozhikode,KSRTC (Kerala) - 862,Super Fast Non AC Seater (2+3),21:20,07h 20m,04:40,3.4,INR 332,37 Seats available
Kottayam to Kozhikode,https://www.redbus.in/bus-tickets/kottayam-to-kozhikode,KSRTC (Kerala) - 523,Super Express Non AC Seater Air Bus (2+2),21:30,04h 50m,02:20,3.4,INR 381,7 Seats available
Kottayam to Kozhikode,https://www.redbus.in/bus-tickets/kottayam-to-kozhikode,KSRTC (Kerala) - 91,Swift Deluxe Non AC Air Bus (2+2),21:35,05h 50m,03:25,3.4,INR 381,9 Seats available
Kottayam to Kozhikode,https://www.redbus.in/bus-tickets/kottayam-to-kozhikode,KSRTC (Kerala) - 672,Super Fast Non AC Seater (2+3),21:50,06h 25m,04:15,3.1,INR 332,23 Seats available
Kottayam to Kozhikode,https://www.redbus.in/bus-tickets/kottayam-to-kozhikode,KSRTC (Kerala) - 2364,Low Floor AC Seater 2+2,22:40,06h 30m,05:10,3.4,INR 475,5 Seats available
Kottayam to Kozhikode,https://www.redbus.in/bus-tickets/kottayam-to-kozhikode,KSRTC (Kerala) - 2690,Super Fast Non AC Seater (2+3),23:06,06h 24m,05:30,3.4,INR 332,25 Seats available
Kottayam to Kozhikode,https://www.redbus.in/bus-tickets/kottayam-to-kozhikode,Madhavi Travels,Volvo A/C Semi Sleeper (2+2),23:59,04h 31m,04:30,4.0,999,11 Seats available
Kottayam to Kozhikode,https://www.redbus.in/bus-tickets/kottayam-to-kozhikode,Sonia Travels,A/C Seater/Sleeper (2+1),19:15,07h 14m,02:29,3.8,INR 750,17 Seats available
Kottayam to Kozhikode,https://www.redbus.in/bus-tickets/kottayam-to-kozhikode,Sonia Travels,A/C Semi Sleeper (2+2),18:30,08h 00m,02:30,3.8,INR 700,7 Seats available
Kottayam to Kozhikode,https://www.redbus.in/bus-tickets/kottayam-to-kozhikode,Ubc travels,A/C Seater/Sleeper (2+1),18:00,09h 00m,03:00,3.8,INR 900,30 Seats available
Kottayam to Kozhikode,https://www.redbus.in/bus-tickets/kottayam-to-kozhikode,Ubc travels,A/C Semi Sleeper (2+2),17:30,07h 30m,01:00,3.8,INR 800,15 Seats available
Kottayam to Kozhikode,https://www.redbus.in/bus-tickets/kottayam-to-kozhikode,Kallada Travels (Suresh Kallada),A/C Sleeper (2+1),18:15,07h 10m,01:25,3.1,INR 1100,11 Seats available
Kottayam to Kozhikode,https://www.redbus.in/bus-tickets/kottayam-to-kozhikode,A1 Travels,A/C Seater / Sleeper (2+1),23:59,07h 01m,07:00,2.1,INR 700,15 Seats available
Kottayam to Kozhikode,https://www.redbus.in/bus-tickets/kottayam-to-kozhikode,EMERALD TRAVELS,A/C Sleeper (2+1),23:00,05h 30m,04:30,3.2,INR 1100,9 Seats available
Kottayam to Kozhikode,https://www.redbus.in/bus-tickets/kottayam-to-kozhikode,Jacobs Travels,A/C Semi Sleeper (2+2),18:30,08h 00m,02:30,3.0,INR 800,20 Seats available
Kottayam to Kozhikode,https://www.redbus.in/bus-tickets/kottayam-to-kozhikode,AURA CONNECT,A/C Sleeper (2+1),18:15,08h 05m,02:20,2.7,1199,25 Seats available
Thrissur to Kozhikode,https://www.redbus.in/bus-tickets/thrissur-to-kozhikode,KSRTC (Kerala) - 2711,Super Fast Non AC Seater (2+3),18:10,03h 20m,21:30,3.0,INR 181,50 Seats available
Thrissur to Kozhikode,https://www.redbus.in/bus-tickets/thrissur-to-kozhikode,KSRTC (Kerala) - 2819,Super Fast Non AC Seater (2+3),18:45,03h 30m,22:15,3.0,INR 181,49 Seats available
Thrissur to Kozhikode,https://www.redbus.in/bus-tickets/thrissur-to-kozhikode,KSRTC (Kerala) - 765,Super Fast Non AC Seater (2+3),19:00,03h 20m,22:20,3.0,INR 181,50 Seats available
Thrissur to Kozhikode,https://www.redbus.in/bus-tickets/thrissur-to-kozhikode,KSRTC (Kerala) - 74,Swift Deluxe Non AC Air Bus (2+2),19:05,02h 50m,21:55,3.0,INR 216,18 Seats available
Thrissur to Kozhikode,https://www.redbus.in/bus-tickets/thrissur-to-kozhikode,KSRTC (Kerala) - 723,Super Fast Non AC Seater (2+3),19:15,03h 30m,22:45,3.0,INR 181,50 Seats available
Thrissur to Kozhikode,https://www.redbus.in/bus-tickets/thrissur-to-kozhikode,KSRTC (Kerala) - 549,Super Express Non AC Seater Air Bus (2+2),19:30,02h 45m,22:15,3.0,INR 216,15 Seats available
Thrissur to Kozhikode,https://www.redbus.in/bus-tickets/thrissur-to-kozhikode,KSRTC (Kerala) - 2572,Super Fast Non AC Seater (2+3),19:40,04h 10m,23:50,3.0,INR 174,43 Seats available
Thrissur to Kozhikode,https://www.redbus.in/bus-tickets/thrissur-to-kozhikode,KSRTC (Kerala) - 1902,Super Fast Non AC Seater (2+3),19:40,03h 20m,23:00,3.0,INR 181,46 Seats available
Thrissur to Kozhikode,https://www.redbus.in/bus-tickets/thrissur-to-kozhikode,KSRTC (Kerala) - 96,Swift Deluxe Non AC Air Bus (2+2),19:50,03h 15m,23:05,3.0,INR 216,19 Seats available
Thrissur to Kozhikode,https://www.redbus.in/bus-tickets/thrissur-to-kozhikode,KSRTC (Kerala) - 2712,Super Fast Non AC Seater (2+3),20:00,02h 50m,22:50,3.0,INR 166,49 Seats available
Thrissur to Kozhikode,https://www.redbus.in/bus-tickets/thrissur-to-kozhikode,KSRTC (Kerala) - 994,Super Fast Non AC Seater (2+3),20:00,04h 05m,00:05,3.0,INR 174,40 Seats available
Thrissur to Kozhikode,https://www.redbus.in/bus-tickets/thrissur-to-kozhikode,KSRTC (Kerala) - 2517,Swift Deluxe Non AC Air Bus (2+2),20:26,02h 50m,23:16,3.0,INR 216,33 Seats available
Thrissur to Kozhikode,https://www.redbus.in/bus-tickets/thrissur-to-kozhikode,KSRTC (Kerala) - 2569,Super Fast Non AC Seater (2+3),20:35,04h 00m,00:35,3.0,INR 174,42 Seats available
Thrissur to Kozhikode,https://www.redbus.in/bus-tickets/thrissur-to-kozhikode,KSRTC (Kerala) - 125,Super Deluxe Non AC Seater Air Bus (2+2),20:40,02h 55m,23:35,3.0,INR 216,15 Seats available
Thrissur to Kozhikode,https://www.redbus.in/bus-tickets/thrissur-to-kozhikode,KSRTC (Kerala) - 1962,Super Fast Non AC Seater (2+3),20:45,03h 14m,23:59,3.0,INR 181,46 Seats available
Thrissur to Kozhikode,https://www.redbus.in/bus-tickets/thrissur-to-kozhikode,KSRTC (Kerala) - 665,Super Fast Non AC Seater (2+3),20:50,03h 25m,00:15,3.0,INR 181,48 Seats available
Thrissur to Kozhikode,https://www.redbus.in/bus-tickets/thrissur-to-kozhikode,KSRTC (Kerala) - 475,Super Express Non AC Seater Air Bus (2+2),21:40,02h 55m,00:35,3.0,INR 216,16 Seats available
Thrissur to Kozhikode,https://www.redbus.in/bus-tickets/thrissur-to-kozhikode,KSRTC (Kerala) - 2723,Super Fast Non AC Seater (2+3),21:45,03h 25m,01:10,3.0,INR 174,35 Seats available
Thrissur to Kozhikode,https://www.redbus.in/bus-tickets/thrissur-to-kozhikode,KSRTC (Kerala) - 594,Super Express Non AC Seater Air Bus (2+2),21:55,03h 30m,01:25,3.0,INR 201,3 Seats available
Thrissur to Kozhikode,https://www.redbus.in/bus-tickets/thrissur-to-kozhikode,KSRTC (Kerala) - 486,Super Express Non AC Seater Air Bus (2+2),22:00,02h 30m,00:30,3.0,INR 216,20 Seats available
Thrissur to Kozhikode,https://www.redbus.in/bus-tickets/thrissur-to-kozhikode,KSRTC (Kerala) - 819,Super Fast Non AC Seater (2+3),22:05,03h 40m,01:45,3.0,INR 181,37 Seats available
Thrissur to Kozhikode,https://www.redbus.in/bus-tickets/thrissur-to-kozhikode,KSRTC (Kerala) - 561,Super Express Non AC Seater Air Bus (2+2),22:10,03h 45m,01:55,3.0,INR 201,21 Seats available
Thrissur to Kozhikode,https://www.redbus.in/bus-tickets/thrissur-to-kozhikode,KSRTC (Kerala) - 1955,Super Fast Non AC Seater (2+3),22:20,03h 15m,01:35,3.0,INR 181,27 Seats available
Thrissur to Kozhikode,https://www.redbus.in/bus-tickets/thrissur-to-kozhikode,KSRTC (Kerala) - 2388,Low Floor AC Seater 2+2,22:25,03h 05m,01:30,3.0,INR 253,22 Seats available
Thrissur to Kozhikode,https://www.redbus.in/bus-tickets/thrissur-to-kozhikode,KSRTC (Kerala) - 1377,AC MULTI AXLE,22:30,02h 40m,01:10,3.0,INR 340,48 Seats available
Thrissur to Kozhikode,https://www.redbus.in/bus-tickets/thrissur-to-kozhikode,KSRTC (Kerala) - 811,Super Fast Non AC Seater (2+3),23:00,03h 20m,02:20,3.0,INR 181,47 Seats available
Thrissur to Kozhikode,https://www.redbus.in/bus-tickets/thrissur-to-kozhikode,KSRTC (Kerala) - 515,Super Express Non AC Seater Air Bus (2+2),23:00,02h 30m,01:30,3.0,INR 216,7 Seats available
Thrissur to Kozhikode,https://www.redbus.in/bus-tickets/thrissur-to-kozhikode,KSRTC (Kerala) - 570,Super Express Non AC Seater Air Bus (2+2),23:05,02h 40m,01:45,3.0,INR 216,28 Seats available
Thrissur to Kozhikode,https://www.redbus.in/bus-tickets/thrissur-to-kozhikode,KSRTC (Kerala) - 559,Super Express Non AC Seater Air Bus (2+2),23:10,03h 00m,02:10,3.0,INR 216,14 Seats available
Thrissur to Kozhikode,https://www.redbus.in/bus-tickets/thrissur-to-kozhikode,KSRTC (Kerala) - 312,Super Fast Non AC Seater (2+3),23:15,03h 30m,02:45,3.0,INR 181,37 Seats available
Thrissur to Kozhikode,https://www.redbus.in/bus-tickets/thrissur-to-kozhikode,KSRTC (Kerala) - 1882,Low Floor AC Seater 2+2,23:25,03h 05m,02:30,3.0,INR 253,22 Seats available
Thrissur to Kozhikode,https://www.redbus.in/bus-tickets/thrissur-to-kozhikode,KSRTC (Kerala) - 585,Super Express Non AC Seater Air Bus (2+2),23:30,03h 25m,02:55,3.0,INR 201,10 Seats available
Thrissur to Kozhikode,https://www.redbus.in/bus-tickets/thrissur-to-kozhikode,KSRTC (Kerala) - 352,Super Fast Non AC Seater (2+3),23:45,03h 25m,03:10,3.0,INR 181,42 Seats available
Thrissur to Kozhikode,https://www.redbus.in/bus-tickets/thrissur-to-kozhikode,KSRTC (Kerala) - 915,Super Fast Non AC Seater (2+3),23:45,03h 25m,03:10,3.0,INR 174,18 Seats available
Thrissur to Kozhikode,https://www.redbus.in/bus-tickets/thrissur-to-kozhikode,Sheraton Tours and Travels,A/C Seater/Sleeper (2+1),22:27,03h 18m,01:45,4.3,480,15 Seats available
Thrissur to Kozhikode,https://www.redbus.in/bus-tickets/thrissur-to-kozhikode,Kallada Travels (Suresh Kallada),A/C Sleeper (2+1),22:30,02h 55m,01:25,3.1,INR 1100,10 Seats available
Thrissur to Kozhikode,https://www.redbus.in/bus-tickets/thrissur-to-kozhikode,Ubc travels,A/C Semi Sleeper (2+2),22:30,02h 30m,01:00,3.8,INR 800,15 Seats available
Thrissur to Kozhikode,https://www.redbus.in/bus-tickets/thrissur-to-kozhikode,Adrin Travels,A/C Seater/Sleeper (2+1),23:05,02h 55m,02:00,3.9,INR 1000,15 Seats available
Thrissur to Kozhikode,https://www.redbus.in/bus-tickets/thrissur-to-kozhikode,Ubc travels,A/C Seater/Sleeper (2+1),23:20,03h 40m,03:00,3.8,INR 900,30 Seats available
Thrissur to Kozhikode,https://www.redbus.in/bus-tickets/thrissur-to-kozhikode,Surya Connect,Volvo A/C Semi Sleeper (2+2),23:20,02h 50m,02:10,4.3,INR 580,28 Seats available
Thrissur to Kozhikode,https://www.redbus.in/bus-tickets/thrissur-to-kozhikode,Madhavi Travels,A/C Semi Sleeper (2+2),23:20,02h 55m,02:15,4.0,549,10 Seats available
Thrissur to Kozhikode,https://www.redbus.in/bus-tickets/thrissur-to-kozhikode,Cochin Express,Volvo Multi-Axle B9R A/c Semi Sleeper (2+2),23:30,02h 50m,02:20,4.1,INR 667,23 Seats available
Thrissur to Kozhikode,https://www.redbus.in/bus-tickets/thrissur-to-kozhikode,UFO Bus,A/C Sleeper (2+1),23:35,03h 10m,02:45,3.9,800,34 Seats available
Thrissur to Kozhikode,https://www.redbus.in/bus-tickets/thrissur-to-kozhikode,Cochin Express,A/C Sleeper (2+1),23:40,02h 50m,02:30,4.1,INR 900,7 Seats available
Thrissur to Kozhikode,https://www.redbus.in/bus-tickets/thrissur-to-kozhikode,Kalpaka Travels 1,A/C Sleeper (2+1),23:40,02h 50m,02:30,4.0,INR 800,30 Seats available
Thrissur to Kozhikode,https://www.redbus.in/bus-tickets/thrissur-to-kozhikode,UFO Bus,Volvo Multi-Axle B9R A/c Semi Sleeper (2+2),23:40,03h 05m,02:45,3.9,630,42 Seats available
Thrissur to Kozhikode,https://www.redbus.in/bus-tickets/thrissur-to-kozhikode,Madhavi Travels,A/C Sleeper (2+1),23:45,02h 50m,02:35,4.0,INR 799,25 Seats available
Thrissur to Kozhikode,https://www.redbus.in/bus-tickets/thrissur-to-kozhikode,LIYAS TOURS,Bharat Benz A/C Sleeper (2+1),23:47,03h 53m,03:40,3.9,1049,11 Seats available
Thrissur to Kozhikode,https://www.redbus.in/bus-tickets/thrissur-to-kozhikode,Madhavi Travels,A/C Semi Sleeper (2+2),23:50,0-21h 0-15m,03:35,4.0,599,12 Seats available
Thrissur to Kozhikode,https://www.redbus.in/bus-tickets/thrissur-to-kozhikode,Madhavi Travels,A/C Sleeper (2+1),23:55,02h 50m,02:45,4.0,799,14 Seats available
Thrissur to Kozhikode,https://www.redbus.in/bus-tickets/thrissur-to-kozhikode,Kallada Travels (Suresh Kallada),A/C Sleeper (2+1),23:55,03h 55m,03:50,3.1,INR 1000,11 Seats available
Thrissur to Kozhikode,https://www.redbus.in/bus-tickets/thrissur-to-kozhikode,Kalpaka Travels 1,A/C Semi Sleeper (2+2),23:55,03h 05m,03:00,4.0,INR 600,40 Seats available
Thrissur to Kozhikode,https://www.redbus.in/bus-tickets/thrissur-to-kozhikode,Arya Travels,A/C Sleeper (2+1),23:59,03h 16m,03:15,3.2,INR 795,11 Seats available
Thrissur to Kozhikode,https://www.redbus.in/bus-tickets/thrissur-to-kozhikode,Arya Travels,A/C Sleeper (2+1),23:59,03h 16m,03:15,3.2,INR 695,6 Seats available
Thrissur to Kozhikode,https://www.redbus.in/bus-tickets/thrissur-to-kozhikode,EMERALD TRAVELS,Volvo Multi-Axle A/C Semi Sleeper (2+2),00:15,04h 00m,04:15,3.1,INR 700,39 Seats available
Thrissur to Kozhikode,https://www.redbus.in/bus-tickets/thrissur-to-kozhikode,EMERALD TRAVELS,A/C Sleeper (2+1),02:30,02h 00m,04:30,3.1,INR 1100,11 Seats available
Kozhikode to Kalpetta (kerala),https://www.redbus.in/bus-tickets/kozhikode-to-kalpetta,KSRTC (Kerala) - 779,Super Fast Non AC Seater (2+3),21:45,01h 10m,22:55,4.1,INR 111,50 Seats available
Kozhikode to Kalpetta (kerala),https://www.redbus.in/bus-tickets/kozhikode-to-kalpetta,KSRTC (Kerala) - 549,Super Express Non AC Seater Air Bus (2+2),22:15,02h 35m,00:50,4.1,INR 145,13 Seats available
Kozhikode to Kalpetta (kerala),https://www.redbus.in/bus-tickets/kozhikode-to-kalpetta,KSRTC (Kerala) - 833,Super Fast Non AC Seater (2+3),22:15,02h 15m,00:30,4.1,INR 111,49 Seats available
Kozhikode to Kalpetta (kerala),https://www.redbus.in/bus-tickets/kozhikode-to-kalpetta,KSRTC (Kerala) - 719,Super Fast Non AC Seater (2+3),23:00,02h 00m,01:00,5.0,INR 111,37 Seats available
Kozhikode to Kalpetta (kerala),https://www.redbus.in/bus-tickets/kozhikode-to-kalpetta,KSRTC (Kerala) - 96,Swift Deluxe Non AC Air Bus (2+2),23:05,01h 25m,00:30,4.1,INR 145,4 Seats available
Kozhikode to Kalpetta (kerala),https://www.redbus.in/bus-tickets/kozhikode-to-kalpetta,KSRTC (Kerala) - 757,Super Fast Non AC Seater (2+3),23:20,02h 00m,01:20,4.1,INR 111,35 Seats available
Kozhikode to Kalpetta (kerala),https://www.redbus.in/bus-tickets/kozhikode-to-kalpetta,KSRTC (Kerala) - 170,Swift Deluxe Non AC Air Bus (2+2),23:50,01h 40m,01:30,4.1,INR 145,10 Seats available
Kalpetta (kerala) to Kozhikode,https://www.redbus.in/bus-tickets/kalpetta-to-kozhikode,KSRTC (Kerala) - 1129,Super Fast Non AC Seater (2+3),17:31,02h 45m,20:16,2.7,INR 108,29 Seats available
Kalpetta (kerala) to Kozhikode,https://www.redbus.in/bus-tickets/kalpetta-to-kozhikode,KSRTC (Kerala) - 567,Super Express Non AC Seater Air Bus (2+2),18:25,02h 20m,20:45,3.6,INR 129,10 Seats available
Kalpetta (kerala) to Kozhikode,https://www.redbus.in/bus-tickets/kalpetta-to-kozhikode,KSRTC (Kerala) - 2206,Super Express Non AC Seater Air Bus (2+2),18:40,01h 54m,20:34,3.6,INR 134,15 Seats available
Kalpetta (kerala) to Kozhikode,https://www.redbus.in/bus-tickets/kalpetta-to-kozhikode,KSRTC (Kerala) - 42,Swift Deluxe Non AC Air Bus (2+2),18:55,02h 30m,21:25,3.6,INR 145,15 Seats available
Kalpetta (kerala) to Kozhikode,https://www.redbus.in/bus-tickets/kalpetta-to-kozhikode,KSRTC (Kerala) - 1378,AC MULTI AXLE,19:20,01h 30m,20:50,3.6,INR 227,47 Seats available
Kalpetta (kerala) to Kozhikode,https://www.redbus.in/bus-tickets/kalpetta-to-kozhikode,KSRTC (Kerala) - 815,Super Fast Non AC Seater (2+3),19:20,01h 50m,21:10,3.6,INR 111,23 Seats available
Kalpetta (kerala) to Kozhikode,https://www.redbus.in/bus-tickets/kalpetta-to-kozhikode,KSRTC (Kerala) - 1193,Super Fast Non AC Seater (2+3),19:35,02h 00m,21:35,3.6,INR 108,45 Seats available
Kalpetta (kerala) to Kozhikode,https://www.redbus.in/bus-tickets/kalpetta-to-kozhikode,KSRTC (Kerala) - 44,Swift Deluxe Non AC Air Bus (2+2),20:05,01h 45m,21:50,3.6,INR 145,12 Seats available
Kalpetta (kerala) to Kozhikode,https://www.redbus.in/bus-tickets/kalpetta-to-kozhikode,KSRTC (Kerala) - 781,Super Fast Non AC Seater (2+3),20:20,02h 25m,22:45,3.6,INR 111,24 Seats available
Kalpetta (kerala) to Kozhikode,https://www.redbus.in/bus-tickets/kalpetta-to-kozhikode,KSRTC (Kerala) - 409,Super Express Non AC Seater Air Bus (2+2),20:30,01h 45m,22:15,3.6,INR 145,28 Seats available
Kalpetta (kerala) to Kozhikode,https://www.redbus.in/bus-tickets/kalpetta-to-kozhikode,KSRTC (Kerala) - 582,Super Express Non AC Seater Air Bus (2+2),20:30,02h 10m,22:40,3.6,INR 129,11 Seats available
Kalpetta (kerala) to Kozhikode,https://www.redbus.in/bus-tickets/kalpetta-to-kozhikode,KSRTC (Kerala) - 1100,AC MULTI AXLE,20:30,01h 35m,22:05,3.6,INR 227,26 Seats available
Kalpetta (kerala) to Kozhikode,https://www.redbus.in/bus-tickets/kalpetta-to-kozhikode,KSRTC (Kerala) - 560,Super Express Non AC Seater Air Bus (2+2),20:35,01h 35m,22:10,3.6,INR 134,7 Seats available
Kalpetta (kerala) to Kozhikode,https://www.redbus.in/bus-tickets/kalpetta-to-kozhikode,KSRTC (Kerala) - 798,Super Fast Non AC Seater (2+3),20:50,02h 10m,23:00,3.6,INR 111,42 Seats available
Kalpetta (kerala) to Kozhikode,https://www.redbus.in/bus-tickets/kalpetta-to-kozhikode,KSRTC (Kerala) - 370,AC MULTI AXLE,20:55,01h 25m,22:20,3.6,INR 227,8 Seats available
Kalpetta (kerala) to Kozhikode,https://www.redbus.in/bus-tickets/kalpetta-to-kozhikode,KSRTC (Kerala) - 129,SWIFT-GARUDA A/C SEATER BUS,21:05,01h 45m,22:50,3.6,INR 155,14 Seats available
Kalpetta (kerala) to Kozhikode,https://www.redbus.in/bus-tickets/kalpetta-to-kozhikode,KSRTC (Kerala) - 673,Super Fast Non AC Seater (2+3),21:10,02h 15m,23:25,3.6,INR 111,21 Seats available
Kalpetta (kerala) to Kozhikode,https://www.redbus.in/bus-tickets/kalpetta-to-kozhikode,KSRTC (Kerala) - 586,Super Express Non AC Seater Air Bus (2+2),21:15,01h 35m,22:50,3.6,INR 129,30 Seats available
Kalpetta (kerala) to Kozhikode,https://www.redbus.in/bus-tickets/kalpetta-to-kozhikode,KSRTC (Kerala) - 345,Super Fast Non AC Seater (2+3),21:51,02h 04m,23:55,3.6,INR 108,20 Seats available
Kalpetta (kerala) to Kozhikode,https://www.redbus.in/bus-tickets/kalpetta-to-kozhikode,KSRTC (Kerala) - 407,Super Express Non AC Seater Air Bus (2+2),22:00,01h 25m,23:25,3.6,INR 145,4 Seats available
Kalpetta (kerala) to Kozhikode,https://www.redbus.in/bus-tickets/kalpetta-to-kozhikode,KSRTC (Kerala) - 793,Super Fast Non AC Seater (2+3),22:05,01h 55m,00:00,3.6,INR 111,44 Seats available
Kalpetta (kerala) to Kozhikode,https://www.redbus.in/bus-tickets/kalpetta-to-kozhikode,KSRTC (Kerala) - 505,Super Express Non AC Seater Air Bus (2+2),22:25,01h 34m,23:59,3.9,INR 145,4 Seats available
Kalpetta (kerala) to Kozhikode,https://www.redbus.in/bus-tickets/kalpetta-to-kozhikode,KSRTC (Kerala) - 97,Swift Deluxe Non AC Air Bus (2+2),22:31,02h 19m,00:50,3.6,INR 145,18 Seats available
Kalpetta (kerala) to Kozhikode,https://www.redbus.in/bus-tickets/kalpetta-to-kozhikode,KSRTC (Kerala) - 2072,Super Express Non AC Seater Air Bus (2+2),22:55,01h 35m,00:30,3.6,INR 145,1 Seat available
Kalpetta (kerala) to Kozhikode,https://www.redbus.in/bus-tickets/kalpetta-to-kozhikode,Cochin Express,A/C Sleeper (2+1),22:30,01h 29m,23:59,4.1,INR 850,3 Seats available
Kalpetta (kerala) to Kozhikode,https://www.redbus.in/bus-tickets/kalpetta-to-kozhikode,Cochin Express,A/C Sleeper (2+1),22:30,01h 29m,23:59,4.1,INR 1000,1 Seat available
Kalpetta (kerala) to Kozhikode,https://www.redbus.in/bus-tickets/kalpetta-to-kozhikode,Sonia Travels,A/C Semi Sleeper (2+2),20:45,02h 55m,23:40,3.8,INR 300,12 Seats available
Kalpetta (kerala) to Kozhikode,https://www.redbus.in/bus-tickets/kalpetta-to-kozhikode,FAST LINE BUS,A/C Sleeper (2+1),23:15,07h 00m,06:15,3.8,INR 2699,34 Seats available
Kalpetta (kerala) to Kozhikode,https://www.redbus.in/bus-tickets/kalpetta-to-kozhikode,Sonia Travels,A/C Semi Sleeper (2+2),21:30,02h 10m,23:40,3.2,INR 300,12 Seats available
Kalpetta (kerala) to Kozhikode,https://www.redbus.in/bus-tickets/kalpetta-to-kozhikode,A1 Travels,Bharat Benz A/C Sleeper (2+1),21:00,02h 30m,23:30,4.1,INR 500,28 Seats available
Kalpetta (kerala) to Kozhikode,https://www.redbus.in/bus-tickets/kalpetta-to-kozhikode,Cochin Express,A/C Seater Push Back (2+2),22:30,01h 25m,23:55,4.1,INR 700,41 Seats available
Kalpetta (kerala) to Kozhikode,https://www.redbus.in/bus-tickets/kalpetta-to-kozhikode,Cochin Express,Volvo Multi-Axle B9R A/c Semi Sleeper (2+2),22:25,01h 34m,23:59,3.8,INR 700,1 Seat available
Kalpetta (kerala) to Kozhikode,https://www.redbus.in/bus-tickets/kalpetta-to-kozhikode,Sonia Travels,A/C Seater/Sleeper (2+1),19:30,03h 59m,23:29,3.8,INR 450,4 Seats available
Kalpetta (kerala) to Kozhikode,https://www.redbus.in/bus-tickets/kalpetta-to-kozhikode,Sonia Travels,A/C Seater/Sleeper (2+1),21:30,01h 59m,23:29,0,INR 450,4 Seats available
