Route_Name,Route_Link,Bus_Name,Bus_Type,Departing_Time,Duration,Reaching_Time,Star_Rating,Price,Seat_Availability
Durgapur (West Bengal) to Kolkata,https://www.redbus.in/bus-tickets/durgapur-to-kolkata,SBSTC-DURGAPUR - KOLKATA - 13:00 (DGP DEPOT) - 226,Non AC Seater (2+3),13:00,03h 30m,16:30,3.9,INR 150,48 Seats available
Durgapur (West Bengal) to Kolkata,https://www.redbus.in/bus-tickets/durgapur-to-kolkata,SBSTC-ASANSOL - KARUNAMOYEE - 12:20 (BEL DEPOT) - 214,Non AC Seater (2+3),13:30,04h 00m,17:30,3.8,INR 155,34 Seats available
Durgapur (West Bengal) to Kolkata,https://www.redbus.in/bus-tickets/durgapur-to-kolkata,SBSTC-ASANSOL - KOLKATA - L/S - 12:35 (HOWRAH DEPOT) - 205,Non AC Seater (2+3),13:40,03h 30m,17:10,3.0,INR 150,48 Seats available
Durgapur (West Bengal) to Kolkata,https://www.redbus.in/bus-tickets/durgapur-to-kolkata,SBSTC-BANKURA - KARUNAMOYEE - 12:00 (BNK DEPOT) - 857,Non AC Seater (2+3),13:50,04h 00m,17:50,3.8,INR 155,29 Seats available
Durgapur (West Bengal) to Kolkata,https://www.redbus.in/bus-tickets/durgapur-to-kolkata,SBSTC-DURGAPUR - HABRA - VIA - DUNLOP - 14:05 (DGP DEPOT - 243,Non AC Seater (2+3),14:05,03h 30m,17:35,3.7,INR 155,33 Seats available
Durgapur (West Bengal) to Kolkata,https://www.redbus.in/bus-tickets/durgapur-to-kolkata,SBSTC-ASANSOL - KOLKATA - 13:05 (ASANSOL DEPOT) - 141,Non AC Seater (2+3),14:15,03h 30m,17:45,3.4,INR 150,51 Seats available
Durgapur (West Bengal) to Kolkata,https://www.redbus.in/bus-tickets/durgapur-to-kolkata,SBSTC-BANKURA - KARUNAMOYEE - 13:00 (BNK DEPOT) - 240,Non AC Seater (2+3),14:55,04h 00m,18:55,3.1,INR 155,27 Seats available
Durgapur (West Bengal) to Kolkata,https://www.redbus.in/bus-tickets/durgapur-to-kolkata,SBSTC-ASANSOL - KARUNAMOYEE - 13:55 (ASANSOL DEPOT) - 394,Non AC Seater (2+3),15:05,04h 00m,19:05,3.3,INR 155,29 Seats available
Durgapur (West Bengal) to Kolkata,https://www.redbus.in/bus-tickets/durgapur-to-kolkata,SBSTC-DURGAPUR - KARUNAMOYEE - A/C - 15:10 (DGP DEPOT) - 1648,AC Seater (2+2),15:10,04h 00m,19:10,3.0,INR 300,20 Seats available
Durgapur (West Bengal) to Kolkata,https://www.redbus.in/bus-tickets/durgapur-to-kolkata,SBSTC-ASANSOL - KOLKATA - 14:05 (HOWRAH DEPOT) - 748,Non AC Seater (2+3),15:15,03h 30m,18:45,3.3,INR 150,47 Seats available
Durgapur (West Bengal) to Kolkata,https://www.redbus.in/bus-tickets/durgapur-to-kolkata,SBSTC-ASANSOL - KOLKATA - A/C - 14:20 (HWH DEPOT) - 1149,AC Seater (2+2),15:40,03h 30m,19:10,4.0,INR 300,32 Seats available
Durgapur (West Bengal) to Kolkata,https://www.redbus.in/bus-tickets/durgapur-to-kolkata,SBSTC-BANKURA - KARUNAMOYEE - 14:15 (BNK DEPOT) - 241,Non AC Seater (2+3),16:00,04h 00m,20:00,3.5,INR 155,30 Seats available
Durgapur (West Bengal) to Kolkata,https://www.redbus.in/bus-tickets/durgapur-to-kolkata,SBSTC-ASANSOL - KOLKATA - 15:05 (HWH DEPOT) - 210,Non AC Seater (2+3),16:15,03h 30m,19:45,3.2,INR 150,48 Seats available
Durgapur (West Bengal) to Kolkata,https://www.redbus.in/bus-tickets/durgapur-to-kolkata,SBSTC-ASANSOL - KARUNAMOYEE - 15:10 (BEL DEPOT) - 216,Non AC Seater (2+3),16:20,04h 00m,20:20,4.0,INR 155,24 Seats available
Durgapur (West Bengal) to Kolkata,https://www.redbus.in/bus-tickets/durgapur-to-kolkata,SBSTC-ASANSOL - KOLKATA - 15:35 (HOWRAH DEPOT) - 211,Non AC Seater (2+3),16:45,03h 30m,20:15,2.4,INR 150,50 Seats available
Durgapur (West Bengal) to Kolkata,https://www.redbus.in/bus-tickets/durgapur-to-kolkata,SBSTC-BANKURA - KARUNAMOYEE - A/C - 15:15 - 1500,AC Seater (2+2),17:00,04h 00m,21:00,2.2,INR 300,18 Seats available
Durgapur (West Bengal) to Kolkata,https://www.redbus.in/bus-tickets/durgapur-to-kolkata,SBSTC-ASANSOL - KARUNAMOYEE - 16:10 (BEL DEPOT) - 217,Non AC Seater (2+3),17:25,04h 00m,21:25,3.5,INR 155,50 Seats available
Durgapur (West Bengal) to Kolkata,https://www.redbus.in/bus-tickets/durgapur-to-kolkata,SBSTC-ASANSOL - KOLKATA - 16:30 (HOWRAH DEPOT) - 752,Non AC Seater (2+3),17:40,03h 30m,21:10,4.0,INR 150,48 Seats available
Durgapur (West Bengal) to Kolkata,https://www.redbus.in/bus-tickets/durgapur-to-kolkata,SBSTC-ASANSOL - KARUNAMOYEE - 16:40 (ASANSOL DEPOT) - 847,Non AC Seater (2+3),17:50,04h 10m,22:00,3.9,INR 155,48 Seats available
Durgapur (West Bengal) to Kolkata,https://www.redbus.in/bus-tickets/durgapur-to-kolkata,SHYAMOLI Pvt. Ltd.(Karunamoyee),Scania Multi-Axle AC Semi Sleeper (2+2),12:30,04h 00m,16:30,4.2,INR 486,25 Seats available
Durgapur (West Bengal) to Kolkata,https://www.redbus.in/bus-tickets/durgapur-to-kolkata,Shyamoli Paribahan Pvt Ltd,Volvo A/C Seater (2+2),12:55,03h 50m,16:45,4.4,INR 486,16 Seats available
Durgapur (West Bengal) to Kolkata,https://www.redbus.in/bus-tickets/durgapur-to-kolkata,Greenline (Karunamoyee),Volvo A/C Seater (2+2),13:10,04h 00m,17:10,4.4,INR 486,14 Seats available
Durgapur (West Bengal) to Kolkata,https://www.redbus.in/bus-tickets/durgapur-to-kolkata,Greenline,Volvo A/C Seater (2+2),13:30,03h 50m,17:20,4.1,INR 486,23 Seats available
Durgapur (West Bengal) to Kolkata,https://www.redbus.in/bus-tickets/durgapur-to-kolkata,SHYAMOLI Pvt. Ltd.(Karunamoyee),Volvo Multi-Axle A/C Semi Sleeper (2+2),13:45,04h 00m,17:45,4.4,INR 486,27 Seats available
Durgapur (West Bengal) to Kolkata,https://www.redbus.in/bus-tickets/durgapur-to-kolkata,Shyamoli Paribahan Pvt Ltd,Volvo B11R Multi Axle Seater (2+2),14:10,03h 50m,18:00,4.1,INR 486,21 Seats available
Durgapur (West Bengal) to Kolkata,https://www.redbus.in/bus-tickets/durgapur-to-kolkata,Express Line (Karunamoyee),Volvo 9600 A/C Seater (2+2),14:20,03h 50m,18:10,4.7,INR 486,3 Seats available
Durgapur (West Bengal) to Kolkata,https://www.redbus.in/bus-tickets/durgapur-to-kolkata,Greenline,Volvo 9600 A/C Semi Sleeper (2+2),14:50,04h 00m,18:50,4.3,INR 486,23 Seats available
Durgapur (West Bengal) to Kolkata,https://www.redbus.in/bus-tickets/durgapur-to-kolkata,Express Line,Scania Multi-Axle AC Semi Sleeper (2+2),15:10,03h 50m,19:00,4.6,INR 486,27 Seats available
Durgapur (West Bengal) to Kolkata,https://www.redbus.in/bus-tickets/durgapur-to-kolkata,Shyamoli Paribahan Pvt Ltd,Volvo Multi-Axle A/C Semi Sleeper (2+2),15:30,03h 50m,19:20,4.4,INR 486,24 Seats available
Durgapur (West Bengal) to Kolkata,https://www.redbus.in/bus-tickets/durgapur-to-kolkata,Greenline (Karunamoyee),Volvo A/C Seater (2+2),15:30,04h 00m,19:30,4.1,INR 486,9 Seats available
Durgapur (West Bengal) to Kolkata,https://www.redbus.in/bus-tickets/durgapur-to-kolkata,SHYAMOLI Pvt. Ltd.(Karunamoyee),Volvo B11R Multi Axle Seater (2+2),16:00,04h 00m,20:00,4.4,INR 486,28 Seats available
Durgapur (West Bengal) to Kolkata,https://www.redbus.in/bus-tickets/durgapur-to-kolkata,Greenline,Volvo A/C Seater (2+2),16:00,03h 50m,19:50,4.2,INR 486,20 Seats available
Durgapur (West Bengal) to Kolkata,https://www.redbus.in/bus-tickets/durgapur-to-kolkata,Express Line (Karunamoyee),Volvo A/C Seater (2+2),16:20,04h 05m,20:25,4.6,INR 486,22 Seats available
Durgapur (West Bengal) to Kolkata,https://www.redbus.in/bus-tickets/durgapur-to-kolkata,Shyamoli Paribahan Pvt Ltd,Volvo A/C Seater (2+2),16:30,04h 00m,20:30,4.0,INR 486,23 Seats available
Durgapur (West Bengal) to Kolkata,https://www.redbus.in/bus-tickets/durgapur-to-kolkata,SHYAMOLI Pvt. Ltd.(Karunamoyee),Scania Multi-Axle AC Semi Sleeper (2+2),16:45,04h 00m,20:45,4.1,INR 486,26 Seats available
Durgapur (West Bengal) to Kolkata,https://www.redbus.in/bus-tickets/durgapur-to-kolkata,Greenline,Volvo A/C Seater (2+2),17:10,03h 50m,21:00,3.9,INR 486,28 Seats available
Durgapur (West Bengal) to Kolkata,https://www.redbus.in/bus-tickets/durgapur-to-kolkata,Greenline (Karunamoyee),Volvo A/C Seater (2+2),17:30,03h 50m,21:20,3.9,INR 486,21 Seats available
Durgapur (West Bengal) to Kolkata,https://www.redbus.in/bus-tickets/durgapur-to-kolkata,SHYAMOLI Pvt. Ltd.(Karunamoyee),Volvo A/C Seater (2+2),18:15,03h 45m,22:00,4.2,INR 486,37 Seats available
Durgapur (West Bengal) to Kolkata,https://www.redbus.in/bus-tickets/durgapur-to-kolkata,Express Line,Volvo 9600 Multi Axle Semi-Sleeper (2+2),18:30,04h 20m,22:50,4.5,INR 486,44 Seats available
Digha to Barasat (West Bengal),https://www.redbus.in/bus-tickets/digha-to-barasat-west-bengal,WBTC (CTC) HABRA - DIGHA (AC-VOLVO) - 89|12:30,Volvo AC Seater (2+2),12:30,03h 45m,16:15,3.9,INR 410,28 Seats available
Digha to Barasat (West Bengal),https://www.redbus.in/bus-tickets/digha-to-barasat-west-bengal,WBTC (CTC) HABRA-DIGHA via Bally - 26|12:50,Non AC Seater (2+3),12:50,04h 45m,17:35,3.7,INR 161,40 Seats available
Digha to Barasat (West Bengal),https://www.redbus.in/bus-tickets/digha-to-barasat-west-bengal,WBTC (CTC) BARASAT-DIGHA (AC-VOLVO) - 28|13:10,Volvo AC Seater (2+2),13:10,05h 45m,18:55,3.1,INR 425,40 Seats available
Digha to Barasat (West Bengal),https://www.redbus.in/bus-tickets/digha-to-barasat-west-bengal,WBTC (CTC) HABRA-DIGHA via Bally - 26|13:25,Non AC Seater (2+3),13:25,04h 45m,18:10,3.2,INR 161,38 Seats available
Digha to Barasat (West Bengal),https://www.redbus.in/bus-tickets/digha-to-barasat-west-bengal,WBTC (CTC) Barasat-Digha Via Bally (AC VOLVO) - 201|14:00,Volvo AC Seater (2+2),14:00,04h 00m,18:00,4.1,INR 410,26 Seats available
Digha to Barasat (West Bengal),https://www.redbus.in/bus-tickets/digha-to-barasat-west-bengal,"WBTC (CTC) BARASAT-DIGHA via Esplanade, Karunamoyee,Airport - 206|14:15",Non AC Seater (2+3),14:15,05h 00m,19:15,3.6,INR 165,46 Seats available
Digha to Barasat (West Bengal),https://www.redbus.in/bus-tickets/digha-to-barasat-west-bengal,WBTC (CTC) HABRA-DIGHA via Bally - 26|14:50,Non AC Seater (2+3),14:50,04h 45m,19:35,3.9,INR 161,34 Seats available
Digha to Barasat (West Bengal),https://www.redbus.in/bus-tickets/digha-to-barasat-west-bengal,WBTC (CTC) MADHYAMGRAM - DIGHA via Belghoria - 130|16:00,Non AC Seater (2+3),16:00,05h 05m,21:05,2.5,INR 161,43 Seats available
Digha to Barasat (West Bengal),https://www.redbus.in/bus-tickets/digha-to-barasat-west-bengal,Satya Paribahan,A/C Seater (2+3),23:00,06h 10m,05:10,3.6,389,31 Seats available
Digha to Barasat (West Bengal),https://www.redbus.in/bus-tickets/digha-to-barasat-west-bengal,Snemita Paribahan (Shinjini),AC Seater (2+3),23:35,05h 25m,05:00,3.2,INR 420,25 Seats available
Digha to Barasat (West Bengal),https://www.redbus.in/bus-tickets/digha-to-barasat-west-bengal,Aradhana Bus Service,Non AC Seater (2+3),16:50,06h 40m,23:30,2.7,333,35 Seats available
Digha to Barasat (West Bengal),https://www.redbus.in/bus-tickets/digha-to-barasat-west-bengal,Aradhana Travels,A/C Seater / Sleeper (2+2),18:35,05h 20m,23:55,1.2,475,20 Seats available
Digha to Barasat (West Bengal),https://www.redbus.in/bus-tickets/digha-to-barasat-west-bengal,Aradhana Bus Service,A/C Seater / Sleeper (2+2),23:00,05h 30m,04:30,2.7,475,46 Seats available
Digha to Barasat (West Bengal),https://www.redbus.in/bus-tickets/digha-to-barasat-west-bengal,Arunita Paribahan,A/C Seater (2+3),23:35,05h 25m,05:00,2.9,INR 370,21 Seats available
Digha to Barasat (West Bengal),https://www.redbus.in/bus-tickets/digha-to-barasat-west-bengal,The Joy Ride,A/C Seater / Sleeper (2+2),21:15,06h 20m,03:35,3.8,INR 650,58 Seats available
Barasat (West Bengal) to Digha,https://www.redbus.in/bus-tickets/barasat-west-bengal-to-digha,WBTC (CTC) HABRA-DIGHA via Bally - 26|14:00,Non AC Seater (2+3),14:00,04h 00m,18:00,3.3,INR 161,48 Seats available
Barasat (West Bengal) to Digha,https://www.redbus.in/bus-tickets/barasat-west-bengal-to-digha,WBTC (CTC) BARASAT-DIGHA via Bally - 38|15:00,Non AC Seater (2+3),15:00,03h 45m,18:45,3.5,INR 161,35 Seats available
Suri to Kolkata,https://www.redbus.in/bus-tickets/suri-to-kolkata,SBSTC-SURI - SARSUNA - VIA - KOLKATA - 14:00 (Suri Depot - 2821,Non AC Seater (2+3),14:00,05h 00m,19:00,2.3,INR 190,52 Seats available
Suri to Kolkata,https://www.redbus.in/bus-tickets/suri-to-kolkata,SBSTC-SURI - KOLKATA - 15:15 - (Suri Depot) - 1364,Non AC Seater (2+3),15:15,05h 00m,20:15,2.7,INR 190,49 Seats available
Suri to Kolkata,https://www.redbus.in/bus-tickets/suri-to-kolkata,WBTC (CTC) KOLKATA -BOLPUR - SURI (AC-VOLVO) - 104|14:30,Volvo AC Seater (2+2),14:30,04h 10m,18:40,3.8,INR 435,24 Seats available
Kolkata to Digha,https://www.redbus.in/bus-tickets/kolkata-to-digha,WBTC (CTC) Belgachia - Digha via Esplanade - 51|12:30,Non AC Seater (2+3),12:30,05h 45m,18:15,3.4,INR 155,48 Seats available
Kolkata to Digha,https://www.redbus.in/bus-tickets/kolkata-to-digha,WBTC (CTC) Belgachia - Digha via Esplanade - 51|14:00,Non AC Seater (2+3),14:00,04h 15m,18:15,3.4,INR 145,48 Seats available
Kolkata to Digha,https://www.redbus.in/bus-tickets/kolkata-to-digha,WBTC (CTC) Kolkata - Digha - 124|14:40,Non AC Seater (2+3),14:40,04h 25m,19:05,3.8,INR 145,49 Seats available
Kolkata to Digha,https://www.redbus.in/bus-tickets/kolkata-to-digha,WBTC (CTC) Belgachia - Digha via Esplanade - 51|14:45,Non AC Seater (2+3),14:45,05h 25m,20:10,3.4,INR 155,48 Seats available
Kolkata to Digha,https://www.redbus.in/bus-tickets/kolkata-to-digha,WBTC (CTC) Belgachia - Digha via Esplanade - 51|15:45,Non AC Seater (2+3),15:45,04h 25m,20:10,3.5,INR 145,48 Seats available
Kolkata to Digha,https://www.redbus.in/bus-tickets/kolkata-to-digha,WBTC (CTC) Khidderpur - Digha - 97|16:00,Non AC Seater (2+3),16:00,05h 00m,21:00,3.4,INR 151,49 Seats available
Kolkata to Digha,https://www.redbus.in/bus-tickets/kolkata-to-digha,WBTC (CTC) Khidderpur - Digha - 97|16:45,Non AC Seater (2+3),16:45,04h 15m,21:00,3.2,INR 145,49 Seats available
Kolkata to Digha,https://www.redbus.in/bus-tickets/kolkata-to-digha,West bengal transport corporation - 123496,Non AC Seater (2+3),16:15,04h 30m,20:45,2.4,INR 145,23 Seats available
Kolkata to Digha,https://www.redbus.in/bus-tickets/kolkata-to-digha,Shyamoli Paribahan Pvt Ltd,VE A/C Seater (2+2),23:30,05h 00m,04:30,4.5,360,25 Seats available
Kolkata to Digha,https://www.redbus.in/bus-tickets/kolkata-to-digha,Express Line,Volvo 9600 A/C Seater (2+2),23:45,05h 00m,04:45,4.5,404,44 Seats available
Kolkata to Digha,https://www.redbus.in/bus-tickets/kolkata-to-digha,Maa Chandi Travels,A/C Seater / Sleeper (2+2),22:00,07h 30m,05:30,4.4,INR 400,25 Seats available
Kolkata to Digha,https://www.redbus.in/bus-tickets/kolkata-to-digha,Sagufta Travels(Maa Chandi),A/C Seater / Sleeper (2+2),23:57,05h 13m,05:10,4.2,347,24 Seats available
Kolkata to Digha,https://www.redbus.in/bus-tickets/kolkata-to-digha,Parameswar Travels,A/C Seater Push Back (2+2),23:50,04h 55m,04:45,3.4,285,26 Seats available
Kolkata to Digha,https://www.redbus.in/bus-tickets/kolkata-to-digha,Sagufta Travels (Bhorpet Travels),AC Seater (2+2),23:55,04h 40m,04:35,3.7,347,22 Seats available
Kolkata to Digha,https://www.redbus.in/bus-tickets/kolkata-to-digha,Sagufta Travels (Mayuri),A/C Seater (2+2),23:15,04h 45m,04:00,4.8,347,20 Seats available
Kolkata to Digha,https://www.redbus.in/bus-tickets/kolkata-to-digha,Mayuri Express,A/C Seater (2+3),18:20,04h 30m,22:50,4.1,INR 300,61 Seats available
Kolkata to Digha,https://www.redbus.in/bus-tickets/kolkata-to-digha,Sagufta Travels(Maa Chandi),A/C Seater / Sleeper (2+2),22:10,07h 30m,05:40,4.2,489,4 Seats available
Kolkata to Digha,https://www.redbus.in/bus-tickets/kolkata-to-digha,Parameswar Travels,A/C Seater Push Back (2+3),23:45,05h 15m,05:00,2.8,285,43 Seats available
Kolkata to Digha,https://www.redbus.in/bus-tickets/kolkata-to-digha,Snemita Parisheba(Samanta),AC Seater (2+3),18:00,04h 25m,22:25,3.7,342,25 Seats available
Kolkata to Digha,https://www.redbus.in/bus-tickets/kolkata-to-digha,Sagufta Travels (Atithi),A/C Seater Push Back (2+3),23:59,05h 01m,05:00,3.3,299,41 Seats available
Kolkata to Digha,https://www.redbus.in/bus-tickets/kolkata-to-digha,Parameswar Travels,A/C Seater Push Back (2+3),23:59,05h 01m,05:00,2.7,238,49 Seats available
Kolkata to Digha,https://www.redbus.in/bus-tickets/kolkata-to-digha,City Express (Shinjini),AC Seater (2+3),23:50,05h 05m,04:55,2.9,INR 320,35 Seats available
Kolkata to Digha,https://www.redbus.in/bus-tickets/kolkata-to-digha,Snemita Paribahan (Bhorpet),AC Seater (2+2),23:55,04h 50m,04:45,3.6,INR 420,29 Seats available
Kolkata to Digha,https://www.redbus.in/bus-tickets/kolkata-to-digha,Basu Travels,A/C Seater Push Back (2+3),23:30,05h 00m,04:30,3.5,INR 300,20 Seats available
Kolkata to Digha,https://www.redbus.in/bus-tickets/kolkata-to-digha,Sagufta Travels(Janhabi),A/C Seater Push Back (2+3),16:45,04h 30m,21:15,3.2,299,24 Seats available
Kolkata to Digha,https://www.redbus.in/bus-tickets/kolkata-to-digha,Parameswar Travels,A/C Seater Push Back (2+3),13:10,04h 46m,17:56,4.0,285,42 Seats available
Kolkata to Digha,https://www.redbus.in/bus-tickets/kolkata-to-digha,Tara Ma Paribahan,Non AC Seater (2+3),14:30,05h 00m,19:30,3.9,INR 220,54 Seats available
Kolkata to Digha,https://www.redbus.in/bus-tickets/kolkata-to-digha,City Express (Shinjini),AC Seater (2+2),23:45,04h 50m,04:35,3.0,INR 470,12 Seats available
Kolkata to Digha,https://www.redbus.in/bus-tickets/kolkata-to-digha,Snemita Paribahan (BHORPET),A/C Seater (2+3),17:40,04h 20m,22:00,3.0,INR 330,25 Seats available
Kolkata to Digha,https://www.redbus.in/bus-tickets/kolkata-to-digha,Santosh Bus Service,A/C Seater (2+3),18:30,05h 15m,23:45,2.6,278,45 Seats available
Kolkata to Digha,https://www.redbus.in/bus-tickets/kolkata-to-digha,Sagufta Travels (Sagar Kanya),A/C Seater Push Back (2+3),23:30,04h 35m,04:05,2.8,299,16 Seats available
Kolkata to Digha,https://www.redbus.in/bus-tickets/kolkata-to-digha,Snemita Paribahan(Shinjini),A/C Seater (2+3),23:50,04h 40m,04:30,1.9,INR 320,20 Seats available
Kolkata to Digha,https://www.redbus.in/bus-tickets/kolkata-to-digha,Parameswar Travels,A/C Seater Push Back (2+3),23:55,05h 05m,05:00,2.6,238,49 Seats available
Kolkata to Digha,https://www.redbus.in/bus-tickets/kolkata-to-digha,Parameswar Travels,A/C Seater Push Back (2+3),21:50,05h 55m,03:45,2.1,285,51 Seats available
Kolkata to Digha,https://www.redbus.in/bus-tickets/kolkata-to-digha,Santosh Bus Service,A/C Seater Push Back (2+3),19:00,04h 35m,23:35,3.1,INR 299,46 Seats available
Kolkata to Digha,https://www.redbus.in/bus-tickets/kolkata-to-digha,Royal Cruiser,Volvo A/C Seater (2+2),23:45,04h 30m,04:15,2.2,474,43 Seats available
Kolkata to Digha,https://www.redbus.in/bus-tickets/kolkata-to-digha,Samanta Travels,A/C Seater (2+3),18:50,04h 40m,23:30,2.9,285,61 Seats available
Kolkata to Digha,https://www.redbus.in/bus-tickets/kolkata-to-digha,Snemita Pariseba(Santosh),AC Seater (2+3),18:30,05h 00m,23:30,1.8,352,20 Seats available
Kolkata to Digha,https://www.redbus.in/bus-tickets/kolkata-to-digha,Santosh Bus Service,A/C Seater Push Back (2+3),19:25,04h 34m,23:59,2.3,INR 299,36 Seats available
Kolkata to Digha,https://www.redbus.in/bus-tickets/kolkata-to-digha,City Express (BHORPET),AC Seater (2+3),17:40,04h 20m,22:00,2.6,INR 370,31 Seats available
Kolkata to Digha,https://www.redbus.in/bus-tickets/kolkata-to-digha,Sagufta Travels (Samanta),A/C Seater (2+3),18:00,04h 50m,22:50,2.2,299,20 Seats available
Kolkata to Digha,https://www.redbus.in/bus-tickets/kolkata-to-digha,Sagufta Travels (Kojagor),A/C Seater (2+3),15:50,04h 30m,20:20,2.3,299,10 Seats available
Kolkata to Digha,https://www.redbus.in/bus-tickets/kolkata-to-digha,Samanta Travels,A/C Seater (2+3),18:10,05h 00m,23:10,2.3,285,16 Seats available
Kolkata to Digha,https://www.redbus.in/bus-tickets/kolkata-to-digha,Haimanti Bus Service,AC Seater (2+3),19:50,05h 40m,01:30,2.1,INR 250,20 Seats available
Kolkata to Digha,https://www.redbus.in/bus-tickets/kolkata-to-digha,Haimanti Bus Service,AC Seater (2+3),12:40,04h 50m,17:30,3.7,INR 200,20 Seats available
Kolkata to Digha,https://www.redbus.in/bus-tickets/kolkata-to-digha,Snemita Paribahan (Shinjini),AC Seater (2+2),23:45,04h 50m,04:35,3.8,INR 270,16 Seats available
Kolkata to Digha,https://www.redbus.in/bus-tickets/kolkata-to-digha,Santosh Bus Service,A/C Seater Push Back (2+3),23:50,05h 10m,05:00,3.4,324,41 Seats available
Kolkata to Digha,https://www.redbus.in/bus-tickets/kolkata-to-digha,Arunita Paribahan,AC Seater (2+2),23:45,05h 00m,04:45,3.4,INR 370,21 Seats available
Kolkata to Digha,https://www.redbus.in/bus-tickets/kolkata-to-digha,Sagufta Travels (Kojagor),A/C Seater Push Back (2+3),17:00,04h 50m,21:50,4.1,299,26 Seats available
Kolkata to Digha,https://www.redbus.in/bus-tickets/kolkata-to-digha,Santosh Bus Service,A/C Seater Push Back (2+3),15:55,05h 15m,21:10,3.1,INR 250,34 Seats available
Kolkata to Digha,https://www.redbus.in/bus-tickets/kolkata-to-digha,Ankita Paribahan (Maity Motor),A/C Seater Push Back (2+3),22:20,04h 40m,03:00,3.1,416,25 Seats available
Kolkata to Digha,https://www.redbus.in/bus-tickets/kolkata-to-digha,Ankita Paribahan(Atithi),A/C Seater (2+3),23:55,05h 05m,05:00,3.1,389,20 Seats available
Kolkata to Digha,https://www.redbus.in/bus-tickets/kolkata-to-digha,Ankita Paribahan,A/C Push Back (2+3),15:45,04h 45m,20:30,3.2,389,21 Seats available
Kolkata to Digha,https://www.redbus.in/bus-tickets/kolkata-to-digha,Basu Travels,A/C Seater Push Back (2+3),14:32,04h 28m,19:00,2.9,INR 390,17 Seats available
Kolkata to Digha,https://www.redbus.in/bus-tickets/kolkata-to-digha,Santosh Bus Service,A/C Seater Push Back (2+3),17:20,04h 30m,21:50,2.8,INR 249,44 Seats available
Kolkata to Digha,https://www.redbus.in/bus-tickets/kolkata-to-digha,Ankita Paribahan(Janhabi),A/C Seater Push Back (2+3),16:45,04h 35m,21:20,2.1,389,31 Seats available
Kolkata to Digha,https://www.redbus.in/bus-tickets/kolkata-to-digha,Snemita Parisheba,A/C Push Back (2+3),15:15,04h 30m,19:45,2.7,342,19 Seats available
Kolkata to Digha,https://www.redbus.in/bus-tickets/kolkata-to-digha,Snemita Parisheba (Bhunia),AC Seater (2+3),16:00,04h 40m,20:40,2.0,342,41 Seats available
Kolkata to Digha,https://www.redbus.in/bus-tickets/kolkata-to-digha,Basu Travels,A/C Seater Push Back (2+3),14:25,04h 45m,19:10,1.7,INR 399,30 Seats available
Kolkata to Digha,https://www.redbus.in/bus-tickets/kolkata-to-digha,Purusottam Travels,NON A/C Seater (2+3),14:35,04h 25m,19:00,1.7,INR 280,48 Seats available
Kolkata to Digha,https://www.redbus.in/bus-tickets/kolkata-to-digha,Snemita Parisheba,AC Seater (2+3),19:30,04h 40m,00:10,2.0,352,20 Seats available
Kolkata to Digha,https://www.redbus.in/bus-tickets/kolkata-to-digha,Bengal Surface Transport,A/C Seater Push Back (2+3),23:59,05h 01m,05:00,0,INR 399,20 Seats available
Bolpur (West Bengal) to Kolkata,https://www.redbus.in/bus-tickets/bolpur-west-bengal-to-kolkata,WBTC (CTC) KOLKATA -BOLPUR - SURI (AC-VOLVO) - 104|15:25,Volvo AC Seater (2+2),15:25,03h 15m,18:40,3.7,INR 375,24 Seats available
Kolkata to Suri,https://www.redbus.in/bus-tickets/kolkata-to-suri,SBSTC-KOLKATA - SURI - 13:30 (Suri Depot) - 2914,Non AC Seater (2+3),13:30,05h 00m,18:30,3.6,INR 190,52 Seats available
Kolkata to Suri,https://www.redbus.in/bus-tickets/kolkata-to-suri,SBSTC-KOLKATA - SURI - 14:30 - (Suri Depot) - 652,Non AC Seater (2+3),14:30,05h 00m,19:30,3.0,INR 190,52 Seats available
Kolkata to Suri,https://www.redbus.in/bus-tickets/kolkata-to-suri,SBSTC-KOLKATA - SURI - 15:30 - (Suri Depot) - 655,Non AC Seater (2+3),15:30,05h 00m,20:30,3.5,INR 190,52 Seats available
Kolkata to Suri,https://www.redbus.in/bus-tickets/kolkata-to-suri,SBSTC-KOLKATA - SURI - 16: 30 - (Suri Depot) - 653,Non AC Seater (2+3),16:30,05h 00m,21:30,4.2,INR 190,52 Seats available
Kolkata to Suri,https://www.redbus.in/bus-tickets/kolkata-to-suri,SBSTC-KOLKATA - SURI - 18:00 - (Suri Depot) - 1205,Non AC Seater (2+3),18:00,05h 00m,23:00,2.7,INR 190,52 Seats available
Digha to Kolkata,https://www.redbus.in/bus-tickets/digha-to-kolkata,SBSTC-DIGHA - KOLKATA - 12:50 (HOWRAH) - 829,Non AC Seater (2+3),12:50,04h 30m,17:20,3.3,INR 155,52 Seats available
Digha to Kolkata,https://www.redbus.in/bus-tickets/digha-to-kolkata,SBSTC-DIGHA - BARUIPUR - 13:00 (DIGHA DEPOT) - 515,Non AC Seater (2+3),13:00,05h 30m,18:30,2.5,INR 162,33 Seats available
Digha to Kolkata,https://www.redbus.in/bus-tickets/digha-to-kolkata,SBSTC-DIGHA - BELGHARIA - A/C - 13:00 (BEL DEPOT) - 1577,AC Seater (2+2),13:00,05h 00m,18:00,4.1,INR 310,19 Seats available
Digha to Kolkata,https://www.redbus.in/bus-tickets/digha-to-kolkata,SBSTC-DIGHA - DUMDUM - 13:10 VIA - DUNLOP - (BEL DEPOT) - 525,Non AC Seater (2+3),13:10,04h 30m,17:40,4.9,INR 155,48 Seats available
Digha to Kolkata,https://www.redbus.in/bus-tickets/digha-to-kolkata,SBSTC-DIGHA - FALTA - VIA - KOLKATA - 13:20 (FALTA DEPOT - 518,Non AC Seater (2+3),13:20,10h 40m,00:00,3.5,INR 160,52 Seats available
Digha to Kolkata,https://www.redbus.in/bus-tickets/digha-to-kolkata,SBSTC-DIGHA - KHARDAH - 13:20 (BEL DEPOT) - 521,Non AC Seater (2+3),13:20,05h 00m,18:20,2.2,INR 154,49 Seats available
Digha to Kolkata,https://www.redbus.in/bus-tickets/digha-to-kolkata,SBSTC-DIGHA - KOLKATA - 13:30 (HWH DEPOT) - 1811,Non AC Seater (2+3),13:30,04h 30m,18:00,3.2,INR 155,52 Seats available
Digha to Kolkata,https://www.redbus.in/bus-tickets/digha-to-kolkata,SBSTC-DIGHA - KOLKATA - A/C - SPL - 13:30 (HWH DEPOT) - 1904,AC Seater (2+2),13:30,04h 30m,18:00,3.5,INR 310,37 Seats available
Digha to Kolkata,https://www.redbus.in/bus-tickets/digha-to-kolkata,SBSTC-DIGHA - HABRA - 13:40 (DIGHA DEPOT) - 522,Non AC Seater (2+3),13:40,04h 30m,18:10,3.5,INR 155,31 Seats available
Digha to Kolkata,https://www.redbus.in/bus-tickets/digha-to-kolkata,SBSTC-DIGHA - FALTA - VIA - KOLKATA - 13:45 - 513,Non AC Seater (2+3),13:45,04h 30m,18:15,3.2,INR 155,52 Seats available
Digha to Kolkata,https://www.redbus.in/bus-tickets/digha-to-kolkata,SBSTC-DIGHA - KARUNAMOYEE - 13:50 (BEL DEPOT) - 1446,Non AC Seater (2+3),13:50,04h 30m,18:20,2.8,INR 155,49 Seats available
Digha to Kolkata,https://www.redbus.in/bus-tickets/digha-to-kolkata,SBSTC-DIGHA - NEW BARRACKPUR - 14:00 (BEL DEPOT) - 1698,Non AC Seater (2+3),14:00,04h 30m,18:30,1.9,INR 153,52 Seats available
Digha to Kolkata,https://www.redbus.in/bus-tickets/digha-to-kolkata,SBSTC-DIGHA - NAIHATI - 14:10 (BEL DEPOT) - 3694,Non AC Seater (2+3),14:10,05h 00m,19:10,3.8,INR 154,39 Seats available
Digha to Kolkata,https://www.redbus.in/bus-tickets/digha-to-kolkata,SBSTC-DIGHA - BARASAT - 14:20 (DIGHA DEPOT) - 516,Non AC Seater (2+3),14:20,04h 30m,18:50,4.1,INR 155,43 Seats available
Digha to Kolkata,https://www.redbus.in/bus-tickets/digha-to-kolkata,SBSTC-DIGHA - KARUNAMOYEE - VIA - KOLKATA - 14:25 (VOLVO - 3708,Volvo AC Seater (2+2),14:25,04h 30m,18:55,4.1,INR 410,53 Seats available
Digha to Kolkata,https://www.redbus.in/bus-tickets/digha-to-kolkata,SBSTC-DIGHA - THAKURPUR - 14:30 (DIG DEPOT) - 839,Non AC Seater (2+3),14:30,04h 30m,19:00,3.0,INR 155,36 Seats available
Digha to Kolkata,https://www.redbus.in/bus-tickets/digha-to-kolkata,SBSTC-DIGHA - GARIA - VIA - KOLKATA - 14:40 (FALTA DEPOT - 3489,Non AC Seater (2+3),14:40,05h 30m,20:10,2.7,INR 162,45 Seats available
Digha to Kolkata,https://www.redbus.in/bus-tickets/digha-to-kolkata,SBSTC-DIGHA - GARIA - A/C - 14:50 (DIG DEPOT) - 735,AC Seater (2+2),14:50,04h 30m,19:20,2.5,INR 310,20 Seats available
Digha to Kolkata,https://www.redbus.in/bus-tickets/digha-to-kolkata,SBSTC-DIGHA - GARIA - VIA - KOLKATA - 15:10 - 734,Non AC Seater (2+3),15:10,05h 30m,20:40,3.7,INR 162,42 Seats available
Digha to Kolkata,https://www.redbus.in/bus-tickets/digha-to-kolkata,SBSTC-DIGHA - KARUNAMOYEE - VIA DUNLOP - 15:20 (DIGHA) - 3244,Non AC Seater (2+3),15:20,05h 00m,20:20,3.6,INR 170,46 Seats available
Digha to Kolkata,https://www.redbus.in/bus-tickets/digha-to-kolkata,SBSTC-DIGHA - GARIA - VIA - KOLKATA - 16:40 (FALTA DEPOT - 3704,Non AC Seater (2+3),16:40,04h 30m,21:10,3.8,INR 155,40 Seats available
Digha to Kolkata,https://www.redbus.in/bus-tickets/digha-to-kolkata,SBSTC-DIGHA - KOLKATA - 17:15 (DIGHA DEPOT) - 1158,Non AC Seater (2+3),17:15,04h 30m,21:45,3.5,INR 155,51 Seats available
Digha to Kolkata,https://www.redbus.in/bus-tickets/digha-to-kolkata,Express Line,Volvo 9600 Multi Axle Semi-Sleeper (2+2),13:45,04h 30m,18:15,4.7,INR 299,22 Seats available
Digha to Kolkata,https://www.redbus.in/bus-tickets/digha-to-kolkata,Shyamoli Paribahan Pvt Ltd,Volvo A/C Seater (2+2),13:30,04h 55m,18:25,4.3,360,13 Seats available
Digha to Kolkata,https://www.redbus.in/bus-tickets/digha-to-kolkata,Greenline,Scania Multi-Axle AC Semi Sleeper (2+2),13:40,04h 45m,18:25,4.2,INR 300,20 Seats available
Digha to Kolkata,https://www.redbus.in/bus-tickets/digha-to-kolkata,Shyamoli Paribahan Pvt Ltd,Volvo A/C Seater (2+2),13:45,05h 10m,18:55,4.1,INR 400,19 Seats available
Digha to Kolkata,https://www.redbus.in/bus-tickets/digha-to-kolkata,Greenline,Volvo A/C Seater (2+2),13:30,04h 45m,18:15,4.4,INR 300,12 Seats available
Digha to Kolkata,https://www.redbus.in/bus-tickets/digha-to-kolkata,Royal Cruiser,Volvo A/C Seater (2+2),13:00,04h 30m,17:30,3.9,474,33 Seats available
Digha to Kolkata,https://www.redbus.in/bus-tickets/digha-to-kolkata,Maa Chandi Travels,A/C Seater / Sleeper (2+2),14:30,04h 40m,19:10,3.7,INR 500,5 Seats available
Digha to Kolkata,https://www.redbus.in/bus-tickets/digha-to-kolkata,Samanta Travels,A/C Seater (2+3),14:30,04h 50m,19:20,3.0,285,11 Seats available
Digha to Kolkata,https://www.redbus.in/bus-tickets/digha-to-kolkata,Rubi Paribahan  ,Volvo 9600 A/C Seater/Sleeper (2+1),12:50,05h 00m,17:50,4.1,INR 299,40 Seats available
Digha to Kolkata,https://www.redbus.in/bus-tickets/digha-to-kolkata,City Express (Shinjini),AC Seater (2+3),22:45,05h 25m,04:10,3.8,INR 320,24 Seats available
Digha to Kolkata,https://www.redbus.in/bus-tickets/digha-to-kolkata,Sneha Gold Bus Service,A/C Seater (2+3),16:30,05h 00m,21:30,4.6,INR 300,4 Seats available
Digha to Kolkata,https://www.redbus.in/bus-tickets/digha-to-kolkata,Snemita Parisheba(SNEHA GOLD),AC Seater (2+3),16:40,04h 30m,21:10,3.1,342,46 Seats available
Digha to Kolkata,https://www.redbus.in/bus-tickets/digha-to-kolkata,Satya Paribahan,A/C Seater (2+3),23:00,04h 45m,03:45,2.9,389,30 Seats available
Digha to Kolkata,https://www.redbus.in/bus-tickets/digha-to-kolkata,Tara Ma Paribahan,Non AC Seater (2+3),13:00,05h 00m,18:00,3.1,INR 220,54 Seats available
Digha to Kolkata,https://www.redbus.in/bus-tickets/digha-to-kolkata,Snemita Paribahan (Shinjini),AC Seater (2+3),23:35,04h 10m,03:45,2.7,INR 420,19 Seats available
Digha to Kolkata,https://www.redbus.in/bus-tickets/digha-to-kolkata,Snemita Paribahan(Shinjini),A/C Seater (2+3),22:45,05h 25m,04:10,3.4,INR 320,30 Seats available
Digha to Kolkata,https://www.redbus.in/bus-tickets/digha-to-kolkata,Parameswar Travels,A/C Seater Push Back (2+3),20:00,05h 35m,01:35,3.2,285,20 Seats available
Digha to Kolkata,https://www.redbus.in/bus-tickets/digha-to-kolkata,Samanta Travels,A/C Seater (2+3),12:40,04h 50m,17:30,2.1,285,61 Seats available
Digha to Kolkata,https://www.redbus.in/bus-tickets/digha-to-kolkata,City Express (Shinjini),AC Seater (2+3),15:20,04h 35m,19:55,2.7,INR 370,25 Seats available
Digha to Kolkata,https://www.redbus.in/bus-tickets/digha-to-kolkata,Parameswar Travels,A/C Seater Push Back (2+3),18:10,05h 05m,23:15,2.2,285,31 Seats available
Digha to Kolkata,https://www.redbus.in/bus-tickets/digha-to-kolkata,Sagufta Travels(Atithi),A/C Seater Push Back (2+3),13:35,04h 55m,18:30,2.2,299,15 Seats available
Digha to Kolkata,https://www.redbus.in/bus-tickets/digha-to-kolkata,Ankita Paribahan (Tejas),A/C Executive (2+3),14:20,04h 30m,18:50,1.6,342,41 Seats available
Digha to Kolkata,https://www.redbus.in/bus-tickets/digha-to-kolkata,City Express (Shinjini),AC Seater (2+3),16:00,04h 30m,20:30,1.4,INR 370,26 Seats available
Digha to Kolkata,https://www.redbus.in/bus-tickets/digha-to-kolkata,Aradhana Travels,A/C Seater / Sleeper (2+2),18:35,04h 25m,23:00,1.8,475,20 Seats available
Digha to Kolkata,https://www.redbus.in/bus-tickets/digha-to-kolkata,Snemita Paribahan (Angel),AC Seater (2+3),13:50,04h 40m,18:30,3.8,INR 370,20 Seats available
Digha to Kolkata,https://www.redbus.in/bus-tickets/digha-to-kolkata,The Joy Ride,A/C Seater / Sleeper (2+2),21:15,05h 15m,02:30,3.4,INR 650,58 Seats available
Digha to Kolkata,https://www.redbus.in/bus-tickets/digha-to-kolkata,Sree Jagannath Travels,A/C Seater Push Back (2+3),14:10,04h 50m,19:00,3.4,278,20 Seats available
Digha to Kolkata,https://www.redbus.in/bus-tickets/digha-to-kolkata,Sree Jagannath Travels,A/C Seater Push Back (2+3),15:00,05h 00m,20:00,2.3,278,17 Seats available
Digha to Kolkata,https://www.redbus.in/bus-tickets/digha-to-kolkata,Snemita Pariseba(Samanta),A/C Seater Push Back (2+3),14:45,04h 35m,19:20,3.4,257,36 Seats available
Digha to Kolkata,https://www.redbus.in/bus-tickets/digha-to-kolkata,Snemita Paribahan(Shinjini),A/C Seater (2+3),15:20,04h 40m,20:00,2.8,INR 370,36 Seats available
Digha to Kolkata,https://www.redbus.in/bus-tickets/digha-to-kolkata,Ankita Paribahan (Lokenath),AC Seater (2+3),16:20,04h 40m,21:00,2.3,342,41 Seats available
Digha to Kolkata,https://www.redbus.in/bus-tickets/digha-to-kolkata,Snemita Paribahan(SHINJINI),A/C Seater (2+3),16:00,04h 30m,20:30,1.9,INR 370,30 Seats available
Digha to Kolkata,https://www.redbus.in/bus-tickets/digha-to-kolkata,Satya Paribahan,A/C Seater (2+3),23:30,04h 10m,03:40,2.1,342,37 Seats available
Digha to Kolkata,https://www.redbus.in/bus-tickets/digha-to-kolkata,Snemita Paribahan,A/C Seater (2+3),23:30,04h 30m,04:00,2.3,INR 370,45 Seats available
Digha to Kolkata,https://www.redbus.in/bus-tickets/digha-to-kolkata,Arunita Paribahan,A/C Seater (2+3),23:35,04h 10m,03:45,2.4,INR 370,21 Seats available
Digha to Kolkata,https://www.redbus.in/bus-tickets/digha-to-kolkata,Parameswar Travels,A/C Seater Push Back (2+3),21:00,06h 00m,03:00,1.5,285,15 Seats available
Digha to Kolkata,https://www.redbus.in/bus-tickets/digha-to-kolkata,Ankita Paribahan(Jackson),A/C Push Back (2+3),15:00,05h 05m,20:05,1.6,296,40 Seats available
Digha to Kolkata,https://www.redbus.in/bus-tickets/digha-to-kolkata,Aradhana Travels,A/C Seater / Sleeper (2+1),19:30,04h 29m,23:59,2.3,475,32 Seats available
Digha to Kolkata,https://www.redbus.in/bus-tickets/digha-to-kolkata,Basu Travels,A/C Seater Push Back (2+3),17:30,05h 00m,22:30,1.4,INR 419,30 Seats available
Digha to Kolkata,https://www.redbus.in/bus-tickets/digha-to-kolkata,Aradhana Bus Service,A/C Seater / Sleeper (2+2),23:00,05h 00m,04:00,0,475,33 Seats available
Kolkata to Durgapur (West Bengal),https://www.redbus.in/bus-tickets/kolkata-to-durgapur,SBSTC-KOLKATA - DURGAPUR - 12:50 (Durgapur) - 328,Non AC Seater (2+3),12:50,03h 30m,16:20,3.6,INR 150,49 Seats available
Kolkata to Durgapur (West Bengal),https://www.redbus.in/bus-tickets/kolkata-to-durgapur,SBSTC-KARUNAMOYEE - DURGAPUR - 13:00 (DGP DEPOT) - 180,Non AC Seater (2+3),13:00,03h 45m,16:45,4.0,INR 155,49 Seats available
Kolkata to Durgapur (West Bengal),https://www.redbus.in/bus-tickets/kolkata-to-durgapur,SBSTC-HALDIA - ASANSOL - VIA - KOLKATA - 09:30 (HLD DEPO - 1763,Non AC Seater (2+3),13:45,03h 30m,17:15,3.8,INR 150,51 Seats available
Kolkata to Durgapur (West Bengal),https://www.redbus.in/bus-tickets/kolkata-to-durgapur,SBSTC-KOLKATA - DURGAPUR - 14:00 (DGP DEPOT) - 170,Non AC Seater (2+3),14:00,03h 30m,17:30,3.6,INR 150,52 Seats available
Kolkata to Durgapur (West Bengal),https://www.redbus.in/bus-tickets/kolkata-to-durgapur,SBSTC-KARUNAMOYEE - ASANSOL - 14:00 (ASN DEPOT) - 247,Non AC Seater (2+3),14:00,03h 45m,17:45,3.8,INR 155,47 Seats available
Kolkata to Durgapur (West Bengal),https://www.redbus.in/bus-tickets/kolkata-to-durgapur,SBSTC-KARUNAMOYEE - ASANSOL - A/C - 14:15 (ASN DEPOT) - 1132,AC Seater (2+2),14:15,03h 45m,18:00,3.8,INR 300,25 Seats available
Kolkata to Durgapur (West Bengal),https://www.redbus.in/bus-tickets/kolkata-to-durgapur,SBSTC-KARUNAMOYEE - BANKURA - VIA - DURGAPUR - 14:30 - 312,Non AC Seater (2+3),14:30,03h 45m,18:15,4.0,INR 155,39 Seats available
Kolkata to Durgapur (West Bengal),https://www.redbus.in/bus-tickets/kolkata-to-durgapur,SBSTC-KOLKATA - BANKURA - 14:30 (Bankura Depot) - 2756,Non AC Seater (2+3),14:30,03h 30m,18:00,4.0,INR 150,48 Seats available
Kolkata to Durgapur (West Bengal),https://www.redbus.in/bus-tickets/kolkata-to-durgapur,SBSTC-KOLKATA - ASANSOL - 15:00 (ASANSOL DEPOT) - 257,Non AC Seater (2+3),15:00,03h 30m,18:30,3.8,INR 150,52 Seats available
Kolkata to Durgapur (West Bengal),https://www.redbus.in/bus-tickets/kolkata-to-durgapur,SBSTC-KARUNAMOYEE - ASANSOL - 15:00 (ASN DEPOT) - 248,Non AC Seater (2+3),15:00,03h 45m,18:45,3.7,INR 155,46 Seats available
Kolkata to Durgapur (West Bengal),https://www.redbus.in/bus-tickets/kolkata-to-durgapur,SBSTC-KARUNAMOYEE - BANKURA - A/C - 15:15 (BNK DEPOT) - 1524,AC Seater (2+2),15:15,04h 15m,19:30,3.7,INR 300,35 Seats available
Kolkata to Durgapur (West Bengal),https://www.redbus.in/bus-tickets/kolkata-to-durgapur,SBSTC-KOLKATA - DURGAPUR - 15:15 (DGP DEPOT) - 759,Non AC Seater (2+3),15:15,03h 30m,18:45,3.9,INR 150,52 Seats available
Kolkata to Durgapur (West Bengal),https://www.redbus.in/bus-tickets/kolkata-to-durgapur,SBSTC-KARUNAMOYEE - ASANSOL - 15:30 (ASN DEPOT) - 249,Non AC Seater (2+3),15:30,03h 45m,19:15,3.9,INR 155,48 Seats available
Kolkata to Durgapur (West Bengal),https://www.redbus.in/bus-tickets/kolkata-to-durgapur,SBSTC-KOLKATA - BANKURA - 15:30 (Bankura Depot) - 294,Non AC Seater (2+3),15:30,03h 30m,19:00,3.4,INR 150,52 Seats available
Kolkata to Durgapur (West Bengal),https://www.redbus.in/bus-tickets/kolkata-to-durgapur,SBSTC-KOLKATA - ASANSOL - 16:00 (ASANSOL DEPOT) - 768,Non AC Seater (2+3),16:00,03h 30m,19:30,4.1,INR 150,52 Seats available
Kolkata to Durgapur (West Bengal),https://www.redbus.in/bus-tickets/kolkata-to-durgapur,SBSTC-KARUNAMOYEE - ASANSOL - AC - 16:15 (BEL DEPOT) - 1566,AC Seater (2+2),16:15,04h 00m,20:15,2.7,INR 300,37 Seats available
Kolkata to Durgapur (West Bengal),https://www.redbus.in/bus-tickets/kolkata-to-durgapur,SBSTC-KOLKATA - DURGAPUR - 16:15 (DGP DEPOT) - 760,Non AC Seater (2+3),16:15,03h 30m,19:45,4.5,INR 150,52 Seats available
Kolkata to Durgapur (West Bengal),https://www.redbus.in/bus-tickets/kolkata-to-durgapur,SBSTC-KARUNAMOYEE - BANKURA - VIA - DURGAPUR - 16:45 - 311,Non AC Seater (2+3),16:45,04h 15m,21:00,3.8,INR 155,51 Seats available
Kolkata to Durgapur (West Bengal),https://www.redbus.in/bus-tickets/kolkata-to-durgapur,SBSTC-KOLKATA - ASANSOL - L/S - 17:00 (ASANSOL DEPOT) - 769,Non AC Seater (2+3),17:00,03h 30m,20:30,3.3,INR 150,52 Seats available
Kolkata to Durgapur (West Bengal),https://www.redbus.in/bus-tickets/kolkata-to-durgapur,SBSTC-KOLKATA - DURGAPUR - 17:15 (DGP DEPOT) - 173,Non AC Seater (2+3),17:15,03h 30m,20:45,2.7,INR 150,52 Seats available
Kolkata to Durgapur (West Bengal),https://www.redbus.in/bus-tickets/kolkata-to-durgapur,SBSTC-KARUNAMOYEE - DURGAPUR - 17:30 (DGP DEPOT) - 181,Non AC Seater (2+3),17:30,03h 45m,21:15,3.9,INR 155,44 Seats available
Kolkata to Durgapur (West Bengal),https://www.redbus.in/bus-tickets/kolkata-to-durgapur,SBSTC-KOLKATA - JAMURIA - VIA - DURGAPUR - 17:30 - 300,Non AC Seater (2+3),17:30,03h 30m,21:00,4.0,INR 150,52 Seats available
Kolkata to Durgapur (West Bengal),https://www.redbus.in/bus-tickets/kolkata-to-durgapur,SBSTC-KOLKATA - DURGAPUR - 18:30 (DGP DEPOT) - 176,Non AC Seater (2+3),18:30,03h 30m,22:00,3.4,INR 150,52 Seats available
Kolkata to Durgapur (West Bengal),https://www.redbus.in/bus-tickets/kolkata-to-durgapur,WBTC (CTC) KOLKATA - ASANSOL - PURULIA (AC VOLVO) Banglashree Express - 133|13:45,Volvo AC Seater (2+2),13:45,03h 00m,16:45,3.6,INR 350,31 Seats available
Kolkata to Durgapur (West Bengal),https://www.redbus.in/bus-tickets/kolkata-to-durgapur,Greenline,Volvo A/C Seater (2+2),12:15,03h 15m,15:30,4.7,INR 486,12 Seats available
Kolkata to Durgapur (West Bengal),https://www.redbus.in/bus-tickets/kolkata-to-durgapur,SHYAMOLI Pvt. Ltd.(Karunamoyee),Scania Multi-Axle AC Semi Sleeper (2+2),12:15,03h 45m,16:00,4.4,INR 486,28 Seats available
Kolkata to Durgapur (West Bengal),https://www.redbus.in/bus-tickets/kolkata-to-durgapur,Greenline,Volvo A/C B11R Multi Axle Semi Sleeper (2+2),12:30,04h 00m,16:30,4.1,INR 486,40 Seats available
Kolkata to Durgapur (West Bengal),https://www.redbus.in/bus-tickets/kolkata-to-durgapur,Shyamoli Paribahan Pvt Ltd,Volvo A/C Seater (2+2),13:00,04h 00m,17:00,4.6,INR 486,26 Seats available
Kolkata to Durgapur (West Bengal),https://www.redbus.in/bus-tickets/kolkata-to-durgapur,Greenline (Karunamoyee),Volvo A/C B11R Multi Axle Semi Sleeper (2+2),13:00,04h 00m,17:00,4.7,INR 486,24 Seats available
Kolkata to Durgapur (West Bengal),https://www.redbus.in/bus-tickets/kolkata-to-durgapur,Express Line,Volvo 9600 A/C Semi Sleeper (2+2),13:30,04h 00m,17:30,4.7,INR 486,39 Seats available
Kolkata to Durgapur (West Bengal),https://www.redbus.in/bus-tickets/kolkata-to-durgapur,SHYAMOLI Pvt. Ltd.(Karunamoyee),Volvo Multi-Axle A/C Semi Sleeper (2+2),14:00,04h 00m,18:00,4.3,INR 486,34 Seats available
Kolkata to Durgapur (West Bengal),https://www.redbus.in/bus-tickets/kolkata-to-durgapur,Shyamoli Paribahan Pvt Ltd,Volvo A/C Seater (2+2),14:00,04h 00m,18:00,4.6,INR 486,31 Seats available
Kolkata to Durgapur (West Bengal),https://www.redbus.in/bus-tickets/kolkata-to-durgapur,Greenline,Volvo A/C Seater (2+2),14:30,04h 00m,18:30,4.7,INR 486,37 Seats available
Kolkata to Durgapur (West Bengal),https://www.redbus.in/bus-tickets/kolkata-to-durgapur,Greenline (Karunamoyee),Volvo A/C Seater (2+2),15:00,04h 00m,19:00,4.5,INR 486,24 Seats available
Kolkata to Durgapur (West Bengal),https://www.redbus.in/bus-tickets/kolkata-to-durgapur,Shyamoli Paribahan Pvt Ltd,Scania Multi-Axle AC Semi Sleeper (2+2),15:00,03h 00m,18:00,4.4,INR 486,22 Seats available
Kolkata to Durgapur (West Bengal),https://www.redbus.in/bus-tickets/kolkata-to-durgapur,Express Line,Volvo 9600 Multi Axle Semi-Sleeper (2+2),15:30,03h 00m,18:30,4.2,INR 486,46 Seats available
Kolkata to Durgapur (West Bengal),https://www.redbus.in/bus-tickets/kolkata-to-durgapur,Express Line (Karunamoyee),Volvo 9600 A/C Semi Sleeper (2+2),15:45,04h 00m,19:45,4.8,INR 486,38 Seats available
Kolkata to Durgapur (West Bengal),https://www.redbus.in/bus-tickets/kolkata-to-durgapur,SHYAMOLI Pvt. Ltd.(Karunamoyee),Volvo A/C Seater (2+2),16:00,04h 00m,20:00,4.2,INR 486,37 Seats available
Kolkata to Durgapur (West Bengal),https://www.redbus.in/bus-tickets/kolkata-to-durgapur,Greenline,Volvo 9600 Multi Axle Semi-Sleeper (2+2),16:00,03h 15m,19:15,4.7,INR 486,35 Seats available
Kolkata to Durgapur (West Bengal),https://www.redbus.in/bus-tickets/kolkata-to-durgapur,Shyamoli Paribahan Pvt Ltd,Volvo A/C Seater (2+2),16:40,04h 00m,20:40,4.4,INR 486,31 Seats available
Kolkata to Durgapur (West Bengal),https://www.redbus.in/bus-tickets/kolkata-to-durgapur,Greenline (Karunamoyee),Volvo A/C Seater (2+2),16:45,04h 00m,20:45,4.3,INR 486,29 Seats available
Kolkata to Durgapur (West Bengal),https://www.redbus.in/bus-tickets/kolkata-to-durgapur,Express Line,Volvo A/C Seater (2+2),17:20,04h 00m,21:20,4.6,INR 486,45 Seats available
Kolkata to Durgapur (West Bengal),https://www.redbus.in/bus-tickets/kolkata-to-durgapur,SHYAMOLI Pvt. Ltd.(Karunamoyee),Volvo A/C Seater (2+2),17:30,04h 00m,21:30,4.5,INR 486,35 Seats available
Kolkata to Durgapur (West Bengal),https://www.redbus.in/bus-tickets/kolkata-to-durgapur,Greenline,Volvo A/C Seater (2+2),18:05,04h 00m,22:05,4.7,INR 486,37 Seats available
Kolkata to Durgapur (West Bengal),https://www.redbus.in/bus-tickets/kolkata-to-durgapur,Shyamoli Paribahan Pvt Ltd,Volvo A/C Seater (2+2),18:40,03h 45m,22:25,4.4,INR 486,28 Seats available
Kolkata to Durgapur (West Bengal),https://www.redbus.in/bus-tickets/kolkata-to-durgapur,Royal Cruiser,Scania Multi-Axle AC Semi Sleeper (2+2),19:30,03h 45m,23:15,3.6,475,34 Seats available
Kolkata to Durgapur (West Bengal),https://www.redbus.in/bus-tickets/kolkata-to-durgapur,Pariwartan Bus Service,NON A/C Seater / Sleeper (2+2),18:30,04h 30m,23:00,2.6,INR 500,54 Seats available
Kolkata to Durgapur (West Bengal),https://www.redbus.in/bus-tickets/kolkata-to-durgapur,Maharani Travels,A/C Seater / Sleeper (2+1),21:05,04h 25m,01:30,3.2,760,24 Seats available
Kolkata to Durgapur (West Bengal),https://www.redbus.in/bus-tickets/kolkata-to-durgapur,Tulsi Travel,NON A/C Seater / Sleeper (2+2),14:45,02h 15m,17:00,0,INR 899,61 Seats available
Habra to Digha,https://www.redbus.in/bus-tickets/habra-to-digha,WBTC (CTC) HABRA-DIGHA via Bally - 26|12:45,Non AC Seater (2+3),12:45,05h 15m,18:00,3.1,INR 179,48 Seats available
Barasat (West Bengal) to Nandakumar (west bengal),https://www.redbus.in/bus-tickets/barasat-west-bengal-to-nandakumar,WBTC (CTC) HABRA-DIGHA via Bally - 26|14:00,Non AC Seater (2+3),14:00,02h 10m,16:10,3.5,INR 90,48 Seats available
Barasat (West Bengal) to Nandakumar (west bengal),https://www.redbus.in/bus-tickets/barasat-west-bengal-to-nandakumar,WBTC (CTC) BARASAT-DIGHA via Bally - 38|15:00,Non AC Seater (2+3),15:00,01h 45m,16:45,3.4,INR 90,35 Seats available
Asansol (West Bengal) to Kolkata,https://www.redbus.in/bus-tickets/asansol-to-kolkata,SBSTC-ASANSOL - KOLKATA - 13:05 (ASANSOL DEPOT) - 141,Non AC Seater (2+3),13:05,04h 30m,17:35,3.9,INR 180,51 Seats available
Asansol (West Bengal) to Kolkata,https://www.redbus.in/bus-tickets/asansol-to-kolkata,SBSTC-ASANSOL - KARUNAMOYEE - 13:55 (ASANSOL DEPOT) - 394,Non AC Seater (2+3),13:55,05h 00m,18:55,3.6,INR 185,32 Seats available
Asansol (West Bengal) to Kolkata,https://www.redbus.in/bus-tickets/asansol-to-kolkata,SBSTC-ASANSOL - KOLKATA - 14:05 (HOWRAH DEPOT) - 748,Non AC Seater (2+3),14:05,04h 30m,18:35,3.1,INR 180,47 Seats available
Asansol (West Bengal) to Kolkata,https://www.redbus.in/bus-tickets/asansol-to-kolkata,SBSTC-ASANSOL - KOLKATA - A/C - 14:20 (HWH DEPOT) - 1149,AC Seater (2+2),14:20,04h 30m,18:50,3.5,INR 360,32 Seats available
Asansol (West Bengal) to Kolkata,https://www.redbus.in/bus-tickets/asansol-to-kolkata,SBSTC-ASANSOL - KOLKATA - 15:05 (HWH DEPOT) - 210,Non AC Seater (2+3),15:05,04h 30m,19:35,2.6,INR 180,48 Seats available
Asansol (West Bengal) to Kolkata,https://www.redbus.in/bus-tickets/asansol-to-kolkata,SBSTC-ASANSOL - KARUNAMOYEE - 15:10 (BEL DEPOT) - 216,Non AC Seater (2+3),15:10,05h 00m,20:10,3.1,INR 185,25 Seats available
Asansol (West Bengal) to Kolkata,https://www.redbus.in/bus-tickets/asansol-to-kolkata,SBSTC-ASANSOL - KOLKATA - 15:35 (HOWRAH DEPOT) - 211,Non AC Seater (2+3),15:35,04h 30m,20:05,1.8,INR 180,50 Seats available
Asansol (West Bengal) to Kolkata,https://www.redbus.in/bus-tickets/asansol-to-kolkata,SBSTC-ASANSOL - KARUNAMOYEE - 16:10 (BEL DEPOT) - 217,Non AC Seater (2+3),16:10,05h 00m,21:10,3.1,INR 185,51 Seats available
Asansol (West Bengal) to Kolkata,https://www.redbus.in/bus-tickets/asansol-to-kolkata,SBSTC-ASANSOL - KOLKATA - 16:30 (HOWRAH DEPOT) - 752,Non AC Seater (2+3),16:30,04h 30m,21:00,2.6,INR 180,50 Seats available
Asansol (West Bengal) to Kolkata,https://www.redbus.in/bus-tickets/asansol-to-kolkata,SBSTC-ASANSOL - KARUNAMOYEE - 16:40 (ASANSOL DEPOT) - 847,Non AC Seater (2+3),16:40,05h 20m,22:00,2.8,INR 185,48 Seats available
Asansol (West Bengal) to Kolkata,https://www.redbus.in/bus-tickets/asansol-to-kolkata,Greenline,Volvo A/C Seater (2+2),12:20,05h 00m,17:20,4.4,INR 524,23 Seats available
Asansol (West Bengal) to Kolkata,https://www.redbus.in/bus-tickets/asansol-to-kolkata,SHYAMOLI Pvt. Ltd.(Karunamoyee),Volvo Multi-Axle A/C Semi Sleeper (2+2),12:45,05h 00m,17:45,4.1,INR 524,25 Seats available
Asansol (West Bengal) to Kolkata,https://www.redbus.in/bus-tickets/asansol-to-kolkata,Shyamoli Paribahan Pvt Ltd,Volvo B11R Multi Axle Seater (2+2),13:00,05h 00m,18:00,4.2,INR 524,18 Seats available
Asansol (West Bengal) to Kolkata,https://www.redbus.in/bus-tickets/asansol-to-kolkata,Express Line (Karunamoyee),Volvo 9600 A/C Seater (2+2),13:10,05h 00m,18:10,4.2,INR 524,3 Seats available
Asansol (West Bengal) to Kolkata,https://www.redbus.in/bus-tickets/asansol-to-kolkata,Greenline,Volvo 9600 A/C Semi Sleeper (2+2),13:40,05h 10m,18:50,4.0,INR 524,23 Seats available
Asansol (West Bengal) to Kolkata,https://www.redbus.in/bus-tickets/asansol-to-kolkata,Express Line,Scania Multi-Axle AC Semi Sleeper (2+2),14:00,05h 00m,19:00,4.4,INR 524,27 Seats available
Asansol (West Bengal) to Kolkata,https://www.redbus.in/bus-tickets/asansol-to-kolkata,Shyamoli Paribahan Pvt Ltd,Volvo Multi-Axle A/C Semi Sleeper (2+2),14:20,05h 00m,19:20,3.9,INR 524,28 Seats available
Asansol (West Bengal) to Kolkata,https://www.redbus.in/bus-tickets/asansol-to-kolkata,Greenline (Karunamoyee),Volvo A/C Seater (2+2),14:30,05h 00m,19:30,4.3,INR 524,9 Seats available
Asansol (West Bengal) to Kolkata,https://www.redbus.in/bus-tickets/asansol-to-kolkata,Greenline,Volvo A/C Seater (2+2),14:50,05h 00m,19:50,3.9,INR 524,24 Seats available
Asansol (West Bengal) to Kolkata,https://www.redbus.in/bus-tickets/asansol-to-kolkata,SHYAMOLI Pvt. Ltd.(Karunamoyee),Volvo B11R Multi Axle Seater (2+2),15:00,05h 00m,20:00,3.7,INR 524,28 Seats available
Asansol (West Bengal) to Kolkata,https://www.redbus.in/bus-tickets/asansol-to-kolkata,Express Line (Karunamoyee),Volvo A/C Seater (2+2),15:20,05h 05m,20:25,4.4,INR 524,22 Seats available
Asansol (West Bengal) to Kolkata,https://www.redbus.in/bus-tickets/asansol-to-kolkata,Shyamoli Paribahan Pvt Ltd,Volvo A/C Seater (2+2),15:30,05h 00m,20:30,3.9,INR 524,24 Seats available
Asansol (West Bengal) to Kolkata,https://www.redbus.in/bus-tickets/asansol-to-kolkata,SHYAMOLI Pvt. Ltd.(Karunamoyee),Scania Multi-Axle AC Semi Sleeper (2+2),15:45,05h 00m,20:45,4.0,INR 524,26 Seats available
Asansol (West Bengal) to Kolkata,https://www.redbus.in/bus-tickets/asansol-to-kolkata,Greenline,Volvo A/C Seater (2+2),16:00,05h 00m,21:00,3.4,INR 524,27 Seats available
Asansol (West Bengal) to Kolkata,https://www.redbus.in/bus-tickets/asansol-to-kolkata,Greenline (Karunamoyee),Volvo A/C Seater (2+2),16:20,05h 00m,21:20,3.8,INR 524,21 Seats available
Asansol (West Bengal) to Kolkata,https://www.redbus.in/bus-tickets/asansol-to-kolkata,SHYAMOLI Pvt. Ltd.(Karunamoyee),Volvo A/C Seater (2+2),17:00,05h 00m,22:00,3.5,INR 524,31 Seats available
Asansol (West Bengal) to Kolkata,https://www.redbus.in/bus-tickets/asansol-to-kolkata,Express Line,Volvo 9600 Multi Axle Semi-Sleeper (2+2),17:30,05h 20m,22:50,4.4,INR 524,44 Seats available
Barasat (West Bengal) to Contai (Kanthi),https://www.redbus.in/bus-tickets/barasat-west-bengal-to-contai-kanthi,WBTC (CTC) HABRA-DIGHA via Bally - 26|14:00,Non AC Seater (2+3),14:00,03h 10m,17:10,3.3,INR 131,48 Seats available
Barasat (West Bengal) to Contai (Kanthi),https://www.redbus.in/bus-tickets/barasat-west-bengal-to-contai-kanthi,WBTC (CTC) BARASAT-DIGHA via Bally - 38|15:00,Non AC Seater (2+3),15:00,02h 45m,17:45,3.1,INR 131,35 Seats available
Siliguri to Kolkata,https://www.redbus.in/bus-tickets/siliguri-to-kolkata,NBSTC-SLG-KOL-R1-18:30,NON A/C Seater Push Back (2+2),18:30,12h 00m,06:30,3.9,INR 486,17 Seats available
Siliguri to Kolkata,https://www.redbus.in/bus-tickets/siliguri-to-kolkata,Easy Ride,Volvo 9600 Multi-Axle A/C Sleeper (2+1),18:45,12h 40m,07:25,4.8,INR 1500,8 Seats available
Siliguri to Kolkata,https://www.redbus.in/bus-tickets/siliguri-to-kolkata,Shyamoli Paribahan Pvt Ltd,Volvo 9600 A/C Seater/Sleeper (2+1),18:30,12h 50m,07:20,4.5,INR 1200,45 Seats available
Siliguri to Kolkata,https://www.redbus.in/bus-tickets/siliguri-to-kolkata,Lokenath Bus Service,Volvo 9600 Multi-Axle A/C Sleeper (2+1),19:15,12h 30m,07:45,4.5,INR 1500,18 Seats available
Siliguri to Kolkata,https://www.redbus.in/bus-tickets/siliguri-to-kolkata,Express Line,Volvo 9600 A/C Seater/Sleeper (2+1),19:30,12h 30m,08:00,4.4,1199,27 Seats available
Siliguri to Kolkata,https://www.redbus.in/bus-tickets/siliguri-to-kolkata,Greenline,Volvo 9600 Multi-Axle A/C Sleeper (2+1),18:30,13h 00m,07:30,4.4,INR 1500,11 Seats available
Siliguri to Kolkata,https://www.redbus.in/bus-tickets/siliguri-to-kolkata,Express Line,Volvo 9600 Multi-Axle A/C Sleeper (2+1),18:30,12h 40m,07:10,4.4,1499,16 Seats available
Siliguri to Kolkata,https://www.redbus.in/bus-tickets/siliguri-to-kolkata,Joy chandi bus service,NON A/C Seater / Sleeper (2+2),20:30,15h 05m,11:35,4.4,INR 550,68 Seats available
Siliguri to Kolkata,https://www.redbus.in/bus-tickets/siliguri-to-kolkata,Shyamoli Paribahan Pvt Ltd,Volvo 9600 Multi-Axle A/C Sleeper (2+1),18:00,12h 05m,06:05,4.3,INR 1500,26 Seats available
Siliguri to Kolkata,https://www.redbus.in/bus-tickets/siliguri-to-kolkata,Shyamoli Paribahan Pvt Ltd,Volvo Multi-Axle A/C seater/sleeper (2+1),19:30,12h 20m,07:50,4.4,INR 1200,29 Seats available
Siliguri to Kolkata,https://www.redbus.in/bus-tickets/siliguri-to-kolkata,Rubi Paribahan  ,Volvo 9600 Multi-Axle A/C Sleeper (2+1),19:00,12h 30m,07:30,4.5,INR 1499,16 Seats available
Siliguri to Kolkata,https://www.redbus.in/bus-tickets/siliguri-to-kolkata,Greenline,Volvo Multi-Axle A/C Sleeper (2+1),18:00,13h 00m,07:00,4.4,INR 1500,9 Seats available
Siliguri to Kolkata,https://www.redbus.in/bus-tickets/siliguri-to-kolkata,Express Line,Volvo 9600 Multi-Axle A/C Sleeper (2+1),19:00,12h 50m,07:50,4.2,1499,36 Seats available
Siliguri to Kolkata,https://www.redbus.in/bus-tickets/siliguri-to-kolkata,Lokenath Bus Service,Volvo Multi-Axle A/C Seater/Sleeper (2+1),18:45,12h 00m,06:45,3.8,INR 1200,44 Seats available
Siliguri to Kolkata,https://www.redbus.in/bus-tickets/siliguri-to-kolkata,Royal Cruiser,Scania Multi-Axle AC Semi Sleeper (2+2),17:35,13h 00m,06:35,2.2,995,28 Seats available
Siliguri to Kolkata,https://www.redbus.in/bus-tickets/siliguri-to-kolkata,Annesha Travels,NON A/C Seater / Sleeper (2+2),18:00,13h 00m,07:00,3.0,INR 454,31 Seats available
Siliguri to Kolkata,https://www.redbus.in/bus-tickets/siliguri-to-kolkata,Maa Durga Bus Service,NON A/C Seater / Sleeper (2+2),18:00,14h 00m,08:00,2.9,INR 600,14 Seats available
Siliguri to Kolkata,https://www.redbus.in/bus-tickets/siliguri-to-kolkata,Shantanu Bus Service,NON A/C Seater / Sleeper (2+2),18:00,15h 00m,09:00,1.6,INR 600,34 Seats available
Siliguri to Kolkata,https://www.redbus.in/bus-tickets/siliguri-to-kolkata,Maulik Paribahan,A/C Seater / Sleeper (2+2),18:30,11h 30m,06:00,2.4,INR 1000,52 Seats available
Siliguri to Kolkata,https://www.redbus.in/bus-tickets/siliguri-to-kolkata,Shantanu Travels,A/C Seater / Sleeper (2+2),19:00,14h 30m,09:30,2.4,INR 1200,47 Seats available
Siliguri to Kolkata,https://www.redbus.in/bus-tickets/siliguri-to-kolkata,Shantanu Travels,NON A/C Seater / Sleeper (2+2),17:00,15h 30m,08:30,2.7,INR 600,22 Seats available
Siliguri to Kolkata,https://www.redbus.in/bus-tickets/siliguri-to-kolkata,Lokenath Bus Service,NON A/C Seater / Sleeper (2+2),15:15,14h 30m,05:45,0,INR 600,11 Seats available
Kolkata to Bolpur (West Bengal),https://www.redbus.in/bus-tickets/kolkata-to-bolpur-west-bengal,WBTC (CTC) KOLKATA -BOLPUR - SURI (AC-VOLVO) - 104|14:30,Volvo AC Seater (2+2),14:30,03h 45m,18:15,4.1,INR 375,27 Seats available
Kolkata to Bolpur (West Bengal),https://www.redbus.in/bus-tickets/kolkata-to-bolpur-west-bengal,WBTC (CTC) KOLKATA -BOLPUR - SURI (AC-VOLVO) - 104|16:00,Volvo AC Seater (2+2),16:00,03h 15m,19:15,1.7,INR 375,37 Seats available
Barasat (West Bengal) to Kolaghat,https://www.redbus.in/bus-tickets/barasat-west-bengal-to-kolaghat,WBTC (CTC) HABRA-DIGHA via Bally - 26|14:00,Non AC Seater (2+3),14:00,01h 40m,15:40,3.6,INR 69,48 Seats available
Barasat (West Bengal) to Kolaghat,https://www.redbus.in/bus-tickets/barasat-west-bengal-to-kolaghat,WBTC (CTC) BARASAT-DIGHA via Bally - 38|15:00,Non AC Seater (2+3),15:00,01h 25m,16:25,3.9,INR 69,35 Seats available
Barasat (West Bengal) to Heria,https://www.redbus.in/bus-tickets/barasat-west-bengal-to-heria,WBTC (CTC) HABRA-DIGHA via Bally - 26|14:00,Non AC Seater (2+3),14:00,02h 40m,16:40,3.5,INR 112,49 Seats available
Barasat (West Bengal) to Heria,https://www.redbus.in/bus-tickets/barasat-west-bengal-to-heria,WBTC (CTC) BARASAT-DIGHA via Bally - 38|15:00,Non AC Seater (2+3),15:00,02h 15m,17:15,3.2,INR 112,44 Seats available
Digha to Habra,https://www.redbus.in/bus-tickets/digha-to-habra,WBTC (CTC) HABRA-DIGHA via Bally - 26|12:50,Non AC Seater (2+3),12:50,05h 45m,18:35,2.8,INR 179,40 Seats available
Digha to Habra,https://www.redbus.in/bus-tickets/digha-to-habra,WBTC (CTC) HABRA-DIGHA via Bally - 26|13:25,Non AC Seater (2+3),13:25,05h 45m,19:10,1.0,INR 179,39 Seats available
Digha to Habra,https://www.redbus.in/bus-tickets/digha-to-habra,WBTC (CTC) HABRA-DIGHA via Bally - 26|14:50,Non AC Seater (2+3),14:50,05h 45m,20:35,3.8,INR 179,34 Seats available
Digha to Habra,https://www.redbus.in/bus-tickets/digha-to-habra,SBSTC-DIGHA - HABRA - 13:40 (DIGHA DEPOT) - 522,Non AC Seater (2+3),13:40,07h 00m,20:40,3.1,INR 188,31 Seats available
Midnapore to Barasat (West Bengal),https://www.redbus.in/bus-tickets/midnapore-to-barasat-west-bengal,SBSTC-MIDNAPUR - HABRA - 14:00 (MID DEPOT) - 1397,Non AC Seater (2+3),14:00,10h 00m,00:00,3.6,INR 125,45 Seats available
Midnapore to Barasat (West Bengal),https://www.redbus.in/bus-tickets/midnapore-to-barasat-west-bengal,SBSTC-MIDNAPUR - BARASAT - 16:00 (MID DEPOT) - 1193,Non AC Seater (2+3),16:00,08h 00m,00:00,4.1,INR 125,45 Seats available
Haldia to Barasat (West Bengal),https://www.redbus.in/bus-tickets/haldia-to-barasat-west-bengal,WBTC (CTC) Habra- Barasat- Haldia - 180|16:45,Non AC Seater (2+3),16:45,03h 15m,20:00,4.0,INR 113,46 Seats available
Midnapore to Kolkata,https://www.redbus.in/bus-tickets/midnapore-to-kolkata,SBSTC-MIDNAPUR - KOLKATA - 13:30 (MID DEPOT) - 870,Non AC Seater (2+3),13:30,10h 30m,00:00,4.6,INR 110,47 Seats available
Midnapore to Kolkata,https://www.redbus.in/bus-tickets/midnapore-to-kolkata,SBSTC-MIDNAPUR - HABRA - 14:00 (MID DEPOT) - 1397,Non AC Seater (2+3),14:00,10h 00m,00:00,3.5,INR 111,39 Seats available
Midnapore to Kolkata,https://www.redbus.in/bus-tickets/midnapore-to-kolkata,SBSTC-MIDNAPUR - KOLKATA - 14:30 (MID DEPOT) - 871,Non AC Seater (2+3),14:30,09h 30m,00:00,3.8,INR 110,51 Seats available
Midnapore to Kolkata,https://www.redbus.in/bus-tickets/midnapore-to-kolkata,SBSTC-JHARGRAM - KARUNAMOYEE - VIA - KOLKATA - 13:35 - 1764,Non AC Seater (2+3),15:05,08h 55m,00:00,4.3,INR 110,44 Seats available
Midnapore to Kolkata,https://www.redbus.in/bus-tickets/midnapore-to-kolkata,SBSTC-MIDNAPUR - GARIA - 15:30 (MID DEPOT) - 1511,Non AC Seater (2+3),15:30,08h 30m,00:00,3.5,INR 110,45 Seats available
Midnapore to Kolkata,https://www.redbus.in/bus-tickets/midnapore-to-kolkata,SBSTC-MIDNAPUR - BARASAT - 16:00 (MID DEPOT) - 1193,Non AC Seater (2+3),16:00,08h 00m,00:00,4.6,INR 111,46 Seats available
Midnapore to Kolkata,https://www.redbus.in/bus-tickets/midnapore-to-kolkata,SBSTC-MIDNAPUR - KARUNAMOYEE - 16:40 - 997,Non AC Seater (2+3),16:40,07h 20m,00:00,4.0,INR 118,42 Seats available
Durgapur (West Bengal) to Purulia,https://www.redbus.in/bus-tickets/durgapur-to-purulia,WBTC (CTC) KOLKATA - ASANSOL - PURULIA (AC VOLVO) Banglashree Express - 133|17:00,Volvo AC Seater (2+2),17:00,02h 55m,19:55,3.4,INR 240,34 Seats available
Kolkata to Siliguri,https://www.redbus.in/bus-tickets/kolkata-to-siliguri,NORTH BENGAL STATE TRANSPORT CORPORATION,Non AC Seater (2+3),15:00,13h 20m,04:20,3.6,INR 450,42 Seats available
Kolkata to Siliguri,https://www.redbus.in/bus-tickets/kolkata-to-siliguri,NBSTC-KOL-APD-E1-19:00,Non AC Seater (2+3),16:00,13h 50m,05:50,4.0,INR 450,43 Seats available
Kolkata to Siliguri,https://www.redbus.in/bus-tickets/kolkata-to-siliguri,NBSTC-KOL-COB-R1-17:00,Non AC Seater 2+2,17:00,12h 00m,05:00,3.6,INR 486,25 Seats available
Kolkata to Siliguri,https://www.redbus.in/bus-tickets/kolkata-to-siliguri,NBSTC-KOL-SLG-R1-18:00,NON A/C Seater Push Back (2+2),18:00,12h 00m,06:00,4.0,INR 486,14 Seats available
Kolkata to Siliguri,https://www.redbus.in/bus-tickets/kolkata-to-siliguri,Easy Ride,Volvo 9600 Multi-Axle A/C Sleeper (2+1),18:45,12h 40m,07:25,4.7,INR 1500,16 Seats available
Kolkata to Siliguri,https://www.redbus.in/bus-tickets/kolkata-to-siliguri,Lokenath Bus Service,Volvo 9600 Multi-Axle A/C Sleeper (2+1),18:45,12h 45m,07:30,4.6,INR 1500,24 Seats available
Kolkata to Siliguri,https://www.redbus.in/bus-tickets/kolkata-to-siliguri,Express Line,Volvo 9600 A/C Seater/Sleeper (2+1),19:30,12h 55m,08:25,4.5,1199,50 Seats available
Kolkata to Siliguri,https://www.redbus.in/bus-tickets/kolkata-to-siliguri,Express Line,Volvo 9600 Multi-Axle A/C Sleeper (2+1),18:30,13h 10m,07:40,4.4,1499,22 Seats available
Kolkata to Siliguri,https://www.redbus.in/bus-tickets/kolkata-to-siliguri,Lokenath Bus Service,Volvo Multi-Axle A/C Seater/Sleeper (2+1),18:15,12h 15m,06:30,4.4,INR 1200,31 Seats available
Kolkata to Siliguri,https://www.redbus.in/bus-tickets/kolkata-to-siliguri,Shyamoli Paribahan Pvt Ltd,Volvo 9600 A/C Seater/Sleeper (2+1),18:30,13h 15m,07:45,4.5,INR 1200,7 Seats available
Kolkata to Siliguri,https://www.redbus.in/bus-tickets/kolkata-to-siliguri,Greenline,Volvo Multi-Axle A/C Sleeper (2+1),18:00,13h 00m,07:00,4.6,INR 1500,23 Seats available
Kolkata to Siliguri,https://www.redbus.in/bus-tickets/kolkata-to-siliguri,Greenline,Volvo 9600 Multi-Axle A/C Sleeper (2+1),18:30,13h 15m,07:45,4.5,INR 1500,26 Seats available
Kolkata to Siliguri,https://www.redbus.in/bus-tickets/kolkata-to-siliguri,Rubi Paribahan  ,Volvo Multi Axle B11R AC Seater\Sleeper (2+1),18:00,13h 15m,07:15,4.3,INR 1199,31 Seats available
Kolkata to Siliguri,https://www.redbus.in/bus-tickets/kolkata-to-siliguri,Shyamoli Paribahan Pvt Ltd,Volvo Multi-Axle A/C seater/sleeper (2+1),19:30,13h 15m,08:45,4.4,INR 1200,32 Seats available
Kolkata to Siliguri,https://www.redbus.in/bus-tickets/kolkata-to-siliguri,Poulami Paribahan,Volvo Multi-Axle A/C Semi Sleeper (2+2),17:30,12h 55m,06:25,4.0,INR 1149,42 Seats available
Kolkata to Siliguri,https://www.redbus.in/bus-tickets/kolkata-to-siliguri,Modern Travels,Bharat Benz A/C Seater /Sleeper (2+1),18:30,13h 15m,07:45,3.6,INR 850,34 Seats available
Kolkata to Siliguri,https://www.redbus.in/bus-tickets/kolkata-to-siliguri,Royal Cruiser,Scania Multi-Axle AC Semi Sleeper (2+2),18:30,13h 00m,07:30,3.0,1197,48 Seats available
Kolkata to Siliguri,https://www.redbus.in/bus-tickets/kolkata-to-siliguri,Aradhana Bus Service,NON A/C Seater / Sleeper (2+2),16:45,14h 15m,07:00,2.1,713,38 Seats available
Kolkata to Siliguri,https://www.redbus.in/bus-tickets/kolkata-to-siliguri,Annesha Travels,NON A/C Seater / Sleeper (2+2),17:30,13h 30m,07:00,1.6,INR 500,32 Seats available
Kolkata to Siliguri,https://www.redbus.in/bus-tickets/kolkata-to-siliguri,Greenline,Volvo 9600 Multi-Axle A/C Sleeper (2+1),18:10,13h 00m,07:10,4.2,INR 1500,15 Seats available
Kolkata to Siliguri,https://www.redbus.in/bus-tickets/kolkata-to-siliguri,Shantanu Bus Service,NON A/C Seater / Sleeper (2+2),17:30,15h 00m,08:30,2.1,INR 600,39 Seats available
Kolkata to Siliguri,https://www.redbus.in/bus-tickets/kolkata-to-siliguri,Shantanu Travels,NON A/C Seater / Sleeper (2+2),17:00,15h 00m,08:00,2.3,INR 600,37 Seats available
Kolkata to Siliguri,https://www.redbus.in/bus-tickets/kolkata-to-siliguri,Maa Durga Bus Service,NON A/C Seater / Sleeper (2+2),19:00,14h 00m,09:00,2.0,INR 600,15 Seats available
Kolkata to Siliguri,https://www.redbus.in/bus-tickets/kolkata-to-siliguri,Lokenath Bus Service,NON A/C Seater / Sleeper (2+2),15:45,14h 30m,06:15,1.7,INR 600,3 Seats available
Durgapur (West Bengal) to Barasat (West Bengal),https://www.redbus.in/bus-tickets/durgapur-to-barasat-west-bengal,SBSTC-DURGAPUR - HABRA - VIA - DUNLOP - 14:05 (DGP DEPOT - 243,Non AC Seater (2+3),14:05,03h 30m,17:35,3.3,INR 155,30 Seats available
Durgapur (West Bengal) to Barasat (West Bengal),https://www.redbus.in/bus-tickets/durgapur-to-barasat-west-bengal,WBTC (CTC) Habra - Barasat - Durgapur - Asansol - 100|14:25,Non AC Seater (2+3),14:25,03h 00m,17:25,3.8,INR 147,44 Seats available
Haldia to Kolkata,https://www.redbus.in/bus-tickets/haldia-to-kolkata,SBSTC-HALDIA - KOLKATA - 13:00 (Haldia Depot) - 635,Non AC Seater (2+3),13:00,03h 00m,16:00,4.0,INR 110,48 Seats available
Haldia to Kolkata,https://www.redbus.in/bus-tickets/haldia-to-kolkata,SBSTC-HALDIA - KOLKATA - ALL STOP - 13:30 (Haldia Depot) - 629,Non AC Seater (2+3),13:30,03h 00m,16:30,3.9,INR 110,51 Seats available
Haldia to Kolkata,https://www.redbus.in/bus-tickets/haldia-to-kolkata,SBSTC-HALDIA - KOLKATA - 14:00 (Haldia Depot) - 640,Non AC Seater (2+3),14:00,03h 00m,17:00,4.3,INR 110,51 Seats available
Haldia to Kolkata,https://www.redbus.in/bus-tickets/haldia-to-kolkata,SBSTC-HALDIA - KOLKATA - 15:00 (Haldia Depot) - 641,Non AC Seater (2+3),15:00,03h 00m,18:00,4.4,INR 110,46 Seats available
Haldia to Kolkata,https://www.redbus.in/bus-tickets/haldia-to-kolkata,SBSTC-HALDIA - KOLKATA - 16:05 (HALDIA DEPOT) - 1328,Non AC Seater (2+3),16:05,03h 00m,19:05,3.7,INR 110,46 Seats available
Haldia to Kolkata,https://www.redbus.in/bus-tickets/haldia-to-kolkata,SBSTC-HALDIA - KOLKATA - ALL STOP - 17:30 (HLD DEPOT) - 630,Non AC Seater (2+3),17:30,03h 00m,20:30,3.7,INR 110,46 Seats available
Haldia to Kolkata,https://www.redbus.in/bus-tickets/haldia-to-kolkata,WBTC (CTC) Habra- Barasat- Haldia - 180|16:45,Non AC Seater (2+3),16:45,02h 45m,19:30,3.9,INR 97,46 Seats available
Kolkata to Purulia,https://www.redbus.in/bus-tickets/kolkata-to-purulia,WBTC (CTC) KOLKATA - ASANSOL - PURULIA (AC VOLVO) Banglashree Express - 133|13:45,Volvo AC Seater (2+2),13:45,06h 10m,19:55,3.4,INR 595,31 Seats available
Kolkata to Purulia,https://www.redbus.in/bus-tickets/kolkata-to-purulia,City Queen Bus Service,Non AC Seater (2+2),20:50,08h 10m,05:00,3.9,INR 250,13 Seats available
Kolkata to Purulia,https://www.redbus.in/bus-tickets/kolkata-to-purulia,City Queen Bus Service,Non AC Seater (2+2),21:30,10h 00m,07:30,2.1,INR 285,18 Seats available
Kolkata to Asansol (West Bengal),https://www.redbus.in/bus-tickets/kolkata-to-asansol,SBSTC-HALDIA - ASANSOL - VIA - KOLKATA - 09:30 (HLD DEPO - 1763,Non AC Seater (2+3),13:45,04h 30m,18:15,3.2,INR 180,51 Seats available
Kolkata to Asansol (West Bengal),https://www.redbus.in/bus-tickets/kolkata-to-asansol,SBSTC-KARUNAMOYEE - ASANSOL - 14:00 (ASN DEPOT) - 247,Non AC Seater (2+3),14:00,05h 00m,19:00,2.5,INR 185,40 Seats available
Kolkata to Asansol (West Bengal),https://www.redbus.in/bus-tickets/kolkata-to-asansol,SBSTC-KARUNAMOYEE - ASANSOL - A/C - 14:15 (ASN DEPOT) - 1132,AC Seater (2+2),14:15,05h 00m,19:15,3.2,INR 360,28 Seats available
Kolkata to Asansol (West Bengal),https://www.redbus.in/bus-tickets/kolkata-to-asansol,SBSTC-KARUNAMOYEE - ASANSOL - 15:00 (ASN DEPOT) - 248,Non AC Seater (2+3),15:00,05h 00m,20:00,2.2,INR 185,49 Seats available
Kolkata to Asansol (West Bengal),https://www.redbus.in/bus-tickets/kolkata-to-asansol,SBSTC-KOLKATA - ASANSOL - 15:00 (ASANSOL DEPOT) - 257,Non AC Seater (2+3),15:00,04h 30m,19:30,2.9,INR 180,52 Seats available
Kolkata to Asansol (West Bengal),https://www.redbus.in/bus-tickets/kolkata-to-asansol,SBSTC-KARUNAMOYEE - ASANSOL - 15:30 (ASN DEPOT) - 249,Non AC Seater (2+3),15:30,05h 00m,20:30,3.3,INR 185,48 Seats available
Kolkata to Asansol (West Bengal),https://www.redbus.in/bus-tickets/kolkata-to-asansol,SBSTC-KOLKATA - ASANSOL - 16:00 (ASANSOL DEPOT) - 768,Non AC Seater (2+3),16:00,04h 30m,20:30,4.5,INR 180,52 Seats available
Kolkata to Asansol (West Bengal),https://www.redbus.in/bus-tickets/kolkata-to-asansol,SBSTC-KARUNAMOYEE - ASANSOL - AC - 16:15 (BEL DEPOT) - 1566,AC Seater (2+2),16:15,05h 00m,21:15,1.7,INR 360,37 Seats available
Kolkata to Asansol (West Bengal),https://www.redbus.in/bus-tickets/kolkata-to-asansol,SBSTC-KOLKATA - ASANSOL - 16:30 (ASANSOL DEPOT) - 261,Non AC Seater (2+3),16:30,04h 30m,21:00,3.2,INR 180,52 Seats available
Kolkata to Asansol (West Bengal),https://www.redbus.in/bus-tickets/kolkata-to-asansol,SBSTC-KOLKATA - ASANSOL - L/S - 17:00 (ASANSOL DEPOT) - 769,Non AC Seater (2+3),17:00,04h 30m,21:30,2.6,INR 180,52 Seats available
Kolkata to Asansol (West Bengal),https://www.redbus.in/bus-tickets/kolkata-to-asansol,SBSTC-KOLKATA - JAMURIA - VIA - DURGAPUR - 17:30 - 300,Non AC Seater (2+3),17:30,04h 30m,22:00,4.1,INR 180,52 Seats available
Kolkata to Asansol (West Bengal),https://www.redbus.in/bus-tickets/kolkata-to-asansol,WBTC (CTC) KOLKATA - ASANSOL - PURULIA (AC VOLVO) Banglashree Express - 133|13:45,Volvo AC Seater (2+2),13:45,03h 55m,17:40,2.8,INR 430,31 Seats available
Kolkata to Asansol (West Bengal),https://www.redbus.in/bus-tickets/kolkata-to-asansol,SHYAMOLI Pvt. Ltd.(Karunamoyee),Scania Multi-Axle AC Semi Sleeper (2+2),12:30,04h 30m,17:00,4.1,INR 524,27 Seats available
Kolkata to Asansol (West Bengal),https://www.redbus.in/bus-tickets/kolkata-to-asansol,Greenline,Volvo A/C B11R Multi Axle Semi Sleeper (2+2),12:30,05h 00m,17:30,4.7,INR 524,40 Seats available
Kolkata to Asansol (West Bengal),https://www.redbus.in/bus-tickets/kolkata-to-asansol,Greenline (Karunamoyee),Volvo A/C B11R Multi Axle Semi Sleeper (2+2),13:00,05h 00m,18:00,4.4,INR 524,24 Seats available
Kolkata to Asansol (West Bengal),https://www.redbus.in/bus-tickets/kolkata-to-asansol,Shyamoli Paribahan Pvt Ltd,Volvo A/C Seater (2+2),13:00,05h 00m,18:00,4.0,INR 524,26 Seats available
Kolkata to Asansol (West Bengal),https://www.redbus.in/bus-tickets/kolkata-to-asansol,Express Line,Volvo 9600 A/C Semi Sleeper (2+2),13:30,05h 00m,18:30,4.8,INR 524,40 Seats available
Kolkata to Asansol (West Bengal),https://www.redbus.in/bus-tickets/kolkata-to-asansol,SHYAMOLI Pvt. Ltd.(Karunamoyee),Volvo Multi-Axle A/C Semi Sleeper (2+2),14:00,05h 00m,19:00,4.2,INR 524,37 Seats available
Kolkata to Asansol (West Bengal),https://www.redbus.in/bus-tickets/kolkata-to-asansol,Shyamoli Paribahan Pvt Ltd,Scania Multi-Axle AC Semi Sleeper (2+2),14:00,05h 00m,19:00,3.9,INR 524,31 Seats available
Kolkata to Asansol (West Bengal),https://www.redbus.in/bus-tickets/kolkata-to-asansol,Greenline,Volvo A/C Seater (2+2),14:30,05h 00m,19:30,4.1,INR 524,37 Seats available
Kolkata to Asansol (West Bengal),https://www.redbus.in/bus-tickets/kolkata-to-asansol,Shyamoli Paribahan Pvt Ltd,Scania Multi-Axle AC Semi Sleeper (2+2),15:00,04h 00m,19:00,3.9,INR 524,14 Seats available
Kolkata to Asansol (West Bengal),https://www.redbus.in/bus-tickets/kolkata-to-asansol,Greenline (Karunamoyee),Volvo A/C Seater (2+2),15:00,05h 00m,20:00,4.2,INR 524,24 Seats available
Kolkata to Asansol (West Bengal),https://www.redbus.in/bus-tickets/kolkata-to-asansol,Express Line,Volvo 9600 Multi Axle Semi-Sleeper (2+2),15:30,04h 10m,19:40,4.5,INR 524,46 Seats available
Kolkata to Asansol (West Bengal),https://www.redbus.in/bus-tickets/kolkata-to-asansol,Express Line (Karunamoyee),Volvo 9600 A/C Semi Sleeper (2+2),15:45,05h 00m,20:45,4.5,INR 524,38 Seats available
Kolkata to Asansol (West Bengal),https://www.redbus.in/bus-tickets/kolkata-to-asansol,SHYAMOLI Pvt. Ltd.(Karunamoyee),Volvo A/C Seater (2+2),16:00,05h 00m,21:00,4.3,INR 524,37 Seats available
Kolkata to Asansol (West Bengal),https://www.redbus.in/bus-tickets/kolkata-to-asansol,Greenline,Volvo 9600 Multi Axle Semi-Sleeper (2+2),16:00,04h 00m,20:00,4.2,INR 524,39 Seats available
Kolkata to Asansol (West Bengal),https://www.redbus.in/bus-tickets/kolkata-to-asansol,Shyamoli Paribahan Pvt Ltd,Volvo A/C Seater (2+2),16:40,05h 00m,21:40,4.3,INR 524,31 Seats available
Kolkata to Asansol (West Bengal),https://www.redbus.in/bus-tickets/kolkata-to-asansol,Greenline (Karunamoyee),Volvo A/C Seater (2+2),16:45,05h 00m,21:45,4.2,INR 524,32 Seats available
Kolkata to Asansol (West Bengal),https://www.redbus.in/bus-tickets/kolkata-to-asansol,Express Line,Volvo A/C Seater (2+2),17:20,05h 00m,22:20,4.6,INR 524,45 Seats available
Kolkata to Asansol (West Bengal),https://www.redbus.in/bus-tickets/kolkata-to-asansol,SHYAMOLI Pvt. Ltd.(Karunamoyee),Volvo A/C Seater (2+2),17:30,05h 00m,22:30,4.2,INR 524,36 Seats available
Kolkata to Asansol (West Bengal),https://www.redbus.in/bus-tickets/kolkata-to-asansol,Greenline,Volvo A/C Seater (2+2),18:05,05h 00m,23:05,4.1,INR 524,37 Seats available
Kolkata to Asansol (West Bengal),https://www.redbus.in/bus-tickets/kolkata-to-asansol,Shyamoli Paribahan Pvt Ltd,Volvo A/C Seater (2+2),18:40,04h 45m,23:25,4.4,INR 524,28 Seats available
Kolkata to Asansol (West Bengal),https://www.redbus.in/bus-tickets/kolkata-to-asansol,Royal Cruiser,Scania Multi-Axle AC Semi Sleeper (2+2),19:30,04h 45m,00:15,3.7,523,34 Seats available
Kolkata to Asansol (West Bengal),https://www.redbus.in/bus-tickets/kolkata-to-asansol,Beauty Travels,NON A/C Seater / Sleeper (2+2),20:20,04h 10m,00:30,3.0,INR 380,36 Seats available
Kolkata to Asansol (West Bengal),https://www.redbus.in/bus-tickets/kolkata-to-asansol,Pariwartan Bus Service,NON A/C Seater / Sleeper (2+2),18:30,06h 00m,00:30,2.6,INR 500,54 Seats available
Kolkata to Asansol (West Bengal),https://www.redbus.in/bus-tickets/kolkata-to-asansol,Maharani Travels,A/C Seater / Sleeper (2+1),21:05,04h 55m,02:00,3.2,760,24 Seats available
Kolkata to Asansol (West Bengal),https://www.redbus.in/bus-tickets/kolkata-to-asansol,Tulsi Travel,NON A/C Seater / Sleeper (2+2),14:45,02h 05m,16:50,0,INR 899,61 Seats available
Habra to Kolaghat,https://www.redbus.in/bus-tickets/habra-to-kolaghat,WBTC (CTC) HABRA-DIGHA via Bally - 26|12:45,Non AC Seater (2+3),12:45,02h 55m,15:40,3.8,INR 87,48 Seats available
Habra to Contai (Kanthi),https://www.redbus.in/bus-tickets/habra-to-contai-kanthi,WBTC (CTC) HABRA-DIGHA via Bally - 26|12:45,Non AC Seater (2+3),12:45,04h 25m,17:10,3.6,INR 149,48 Seats available
